{"accuracy": 0.16502463054187191, "macro_precision": 0.03993212669683258, "macro_recall": 0.034442700156985875, "macro_f1": 0.02218219248584663, "micro_precision": 0.3004484304932735, "micro_recall": 0.16502463054187191, "micro_f1": 0.21303656597774243, "weighted_precision": 0.15213538996500456, "weighted_recall": 0.16502463054187191, "weighted_f1": 0.1046601542989993, "BLANK_accuracy": 1.0, "BLANK_precision": 0.0, "BLANK_recall": 0.0, "BLANK_f1": 0.0, "acceptance_accuracy": 0.9704433497536946, "acceptance_precision": 0.0, "acceptance_recall": 0.0, "acceptance_f1": 0.0, "admiration_accuracy": 0.916256157635468, "admiration_precision": 0.0, "admiration_recall": 0.0, "admiration_f1": 0.0, "amazement_accuracy": 0.9802955665024631, "amazement_precision": 0.0, "amazement_recall": 0.0, "amazement_f1": 0.0, "anger or annoyance or hostility or fury_accuracy": 0.8399014778325123, "anger or annoyance or hostility or fury_precision": 0.5, "anger or annoyance or hostility or fury_recall": 0.015384615384615385, "anger or annoyance or hostility or fury_f1": 0.029850746268656723, "anticipation or  expectancy or interest_accuracy": 0.9556650246305419, "anticipation or  expectancy or interest_precision": 0.0, "anticipation or  expectancy or interest_recall": 0.0, "anticipation or  expectancy or interest_f1": 0.0, "calmness or serenity_accuracy": 0.9778325123152709, "calmness or serenity_precision": 0.0, "calmness or serenity_recall": 0.0, "calmness or serenity_f1": 0.0, "disappointment_accuracy": 0.9532019704433498, "disappointment_precision": 0.0, "disappointment_recall": 0.0, "disappointment_f1": 0.0, "disgust_accuracy": 0.9137931034482759, "disgust_precision": 0.0, "disgust_recall": 0.0, "disgust_f1": 0.0, "dislike_accuracy": 0.5394088669950738, "dislike_precision": 0.2986425339366516, "dislike_recall": 0.673469387755102, "dislike_f1": 0.41379310344827586, "fear or apprehension or panic or terror_accuracy": 0.9778325123152709, "fear or apprehension or panic or terror_precision": 0.0, "fear or apprehension or panic or terror_recall": 0.0, "fear or apprehension or panic or terror_f1": 0.0, "hate_accuracy": 0.9802955665024631, "hate_precision": 0.0, "hate_recall": 0.0, "hate_f1": 0.0, "indifference_accuracy": 0.9679802955665024, "indifference_precision": 0.0, "indifference_recall": 0.0, "indifference_f1": 0.0, "joy or happiness or elation_accuracy": 0.9359605911330049, "joy or happiness or elation_precision": 0.0, "joy or happiness or elation_recall": 0.0, "joy or happiness or elation_f1": 0.0, "like_accuracy": 0.9507389162561576, "like_precision": 0.0, "like_recall": 0.0, "like_f1": 0.0, "sadness or gloominess or grief or sorrow_accuracy": 0.9975369458128078, "sadness or gloominess or grief or sorrow_precision": 0.0, "sadness or gloominess or grief or sorrow_recall": 0.0, "sadness or gloominess or grief or sorrow_f1": 0.0, "surprise_accuracy": 0.9876847290640394, "surprise_precision": 0.0, "surprise_recall": 0.0, "surprise_f1": 0.0, "trust_accuracy": 0.9852216748768473, "trust_precision": 0.0, "trust_recall": 0.0, "trust_f1": 0.0, "uncertainty or indecision or confusion_accuracy": 0.9630541871921182, "uncertainty or indecision or confusion_precision": 0.0, "uncertainty or indecision or confusion_recall": 0.0, "uncertainty or indecision or confusion_f1": 0.0, "vigilance_accuracy": 0.9876847290640394, "vigilance_precision": 0.0, "vigilance_recall": 0.0, "vigilance_f1": 0.0}