{"accuracy": 0.21921182266009853, "macro_precision": 0.10117187145489033, "macro_recall": 0.08272714213890683, "macro_f1": 0.08485634444088137, "micro_precision": 0.3458646616541353, "micro_recall": 0.22660098522167488, "micro_f1": 0.2738095238095238, "weighted_precision": 0.236615733548534, "weighted_recall": 0.22660098522167488, "weighted_f1": 0.21224895307483854, "BLANK_accuracy": 1.0, "BLANK_precision": 0.0, "BLANK_recall": 0.0, "BLANK_f1": 0.0, "acceptance_accuracy": 0.9704433497536946, "acceptance_precision": 0.0, "acceptance_recall": 0.0, "acceptance_f1": 0.0, "admiration_accuracy": 0.8891625615763546, "admiration_precision": 0.3333333333333333, "admiration_recall": 0.3235294117647059, "admiration_f1": 0.3283582089552239, "amazement_accuracy": 0.9802955665024631, "amazement_precision": 0.0, "amazement_recall": 0.0, "amazement_f1": 0.0, "anger or annoyance or hostility or fury_accuracy": 0.8226600985221675, "anger or annoyance or hostility or fury_precision": 0.37037037037037035, "anger or annoyance or hostility or fury_recall": 0.15384615384615385, "anger or annoyance or hostility or fury_f1": 0.2173913043478261, "anticipation or  expectancy or interest_accuracy": 0.9408866995073891, "anticipation or  expectancy or interest_precision": 0.2857142857142857, "anticipation or  expectancy or interest_recall": 0.2222222222222222, "anticipation or  expectancy or interest_f1": 0.25, "calmness or serenity_accuracy": 0.9778325123152709, "calmness or serenity_precision": 0.0, "calmness or serenity_recall": 0.0, "calmness or serenity_f1": 0.0, "disappointment_accuracy": 0.9532019704433498, "disappointment_precision": 0.0, "disappointment_recall": 0.0, "disappointment_f1": 0.0, "disgust_accuracy": 0.9064039408866995, "disgust_precision": 0.36363636363636365, "disgust_recall": 0.11428571428571428, "disgust_f1": 0.17391304347826086, "dislike_accuracy": 0.6428571428571429, "dislike_precision": 0.3522012578616352, "dislike_recall": 0.5714285714285714, "dislike_f1": 0.4357976653696498, "fear or apprehension or panic or terror_accuracy": 0.9778325123152709, "fear or apprehension or panic or terror_precision": 0.0, "fear or apprehension or panic or terror_recall": 0.0, "fear or apprehension or panic or terror_f1": 0.0, "hate_accuracy": 0.9802955665024631, "hate_precision": 0.0, "hate_recall": 0.0, "hate_f1": 0.0, "indifference_accuracy": 0.9679802955665024, "indifference_precision": 0.0, "indifference_recall": 0.0, "indifference_f1": 0.0, "joy or happiness or elation_accuracy": 0.916256157635468, "joy or happiness or elation_precision": 0.3181818181818182, "joy or happiness or elation_recall": 0.2692307692307692, "joy or happiness or elation_f1": 0.2916666666666667, "like_accuracy": 0.9507389162561576, "like_precision": 0.0, "like_recall": 0.0, "like_f1": 0.0, "sadness or gloominess or grief or sorrow_accuracy": 0.9975369458128078, "sadness or gloominess or grief or sorrow_precision": 0.0, "sadness or gloominess or grief or sorrow_recall": 0.0, "sadness or gloominess or grief or sorrow_f1": 0.0, "surprise_accuracy": 0.9876847290640394, "surprise_precision": 0.0, "surprise_recall": 0.0, "surprise_f1": 0.0, "trust_accuracy": 0.9852216748768473, "trust_precision": 0.0, "trust_recall": 0.0, "trust_f1": 0.0, "uncertainty or indecision or confusion_accuracy": 0.9630541871921182, "uncertainty or indecision or confusion_precision": 0.0, "uncertainty or indecision or confusion_recall": 0.0, "uncertainty or indecision or confusion_f1": 0.0, "vigilance_accuracy": 0.9876847290640394, "vigilance_precision": 0.0, "vigilance_recall": 0.0, "vigilance_f1": 0.0}