{"accuracy": 0.21674876847290642, "macro_precision": 0.08124498435245939, "macro_recall": 0.0996835657339859, "macro_f1": 0.0886356167929655, "micro_precision": 0.3470790378006873, "micro_recall": 0.24876847290640394, "micro_f1": 0.28981348637015786, "weighted_precision": 0.2086415387629872, "weighted_recall": 0.24876847290640394, "weighted_f1": 0.22468338016790818, "BLANK_accuracy": 1.0, "BLANK_precision": 0.0, "BLANK_recall": 0.0, "BLANK_f1": 0.0, "acceptance_accuracy": 0.9704433497536946, "acceptance_precision": 0.0, "acceptance_recall": 0.0, "acceptance_f1": 0.0, "admiration_accuracy": 0.8768472906403941, "admiration_precision": 0.34615384615384615, "admiration_recall": 0.5294117647058824, "admiration_f1": 0.41860465116279066, "amazement_accuracy": 0.9802955665024631, "amazement_precision": 0.0, "amazement_recall": 0.0, "amazement_f1": 0.0, "anger or annoyance or hostility or fury_accuracy": 0.812807881773399, "anger or annoyance or hostility or fury_precision": 0.40350877192982454, "anger or annoyance or hostility or fury_recall": 0.35384615384615387, "anger or annoyance or hostility or fury_f1": 0.3770491803278689, "anticipation or  expectancy or interest_accuracy": 0.9236453201970444, "anticipation or  expectancy or interest_precision": 0.24, "anticipation or  expectancy or interest_recall": 0.3333333333333333, "anticipation or  expectancy or interest_f1": 0.27906976744186046, "calmness or serenity_accuracy": 0.9778325123152709, "calmness or serenity_precision": 0.0, "calmness or serenity_recall": 0.0, "calmness or serenity_f1": 0.0, "disappointment_accuracy": 0.9532019704433498, "disappointment_precision": 0.0, "disappointment_recall": 0.0, "disappointment_f1": 0.0, "disgust_accuracy": 0.9137931034482759, "disgust_precision": 0.0, "disgust_recall": 0.0, "disgust_f1": 0.0, "dislike_accuracy": 0.6699507389162561, "dislike_precision": 0.359375, "dislike_recall": 0.46938775510204084, "dislike_f1": 0.4070796460176991, "fear or apprehension or panic or terror_accuracy": 0.9778325123152709, "fear or apprehension or panic or terror_precision": 0.0, "fear or apprehension or panic or terror_recall": 0.0, "fear or apprehension or panic or terror_f1": 0.0, "hate_accuracy": 0.9802955665024631, "hate_precision": 0.0, "hate_recall": 0.0, "hate_f1": 0.0, "indifference_accuracy": 0.9679802955665024, "indifference_precision": 0.0, "indifference_recall": 0.0, "indifference_f1": 0.0, "joy or happiness or elation_accuracy": 0.9039408866995073, "joy or happiness or elation_precision": 0.27586206896551724, "joy or happiness or elation_recall": 0.3076923076923077, "joy or happiness or elation_f1": 0.29090909090909095, "like_accuracy": 0.9507389162561576, "like_precision": 0.0, "like_recall": 0.0, "like_f1": 0.0, "sadness or gloominess or grief or sorrow_accuracy": 0.9975369458128078, "sadness or gloominess or grief or sorrow_precision": 0.0, "sadness or gloominess or grief or sorrow_recall": 0.0, "sadness or gloominess or grief or sorrow_f1": 0.0, "surprise_accuracy": 0.9876847290640394, "surprise_precision": 0.0, "surprise_recall": 0.0, "surprise_f1": 0.0, "trust_accuracy": 0.9852216748768473, "trust_precision": 0.0, "trust_recall": 0.0, "trust_f1": 0.0, "uncertainty or indecision or confusion_accuracy": 0.9630541871921182, "uncertainty or indecision or confusion_precision": 0.0, "uncertainty or indecision or confusion_recall": 0.0, "uncertainty or indecision or confusion_f1": 0.0, "vigilance_accuracy": 0.9876847290640394, "vigilance_precision": 0.0, "vigilance_recall": 0.0, "vigilance_f1": 0.0}