{"accuracy": 0.20689655172413793, "macro_precision": 0.10610987103174603, "macro_recall": 0.09550030268517665, "macro_f1": 0.09020960850995911, "micro_precision": 0.3333333333333333, "micro_recall": 0.2413793103448276, "micro_f1": 0.28, "weighted_precision": 0.24712116102972015, "weighted_recall": 0.2413793103448276, "weighted_f1": 0.2250331374938453, "BLANK_accuracy": 1.0, "BLANK_precision": 0.0, "BLANK_recall": 0.0, "BLANK_f1": 0.0, "acceptance_accuracy": 0.9704433497536946, "acceptance_precision": 0.0, "acceptance_recall": 0.0, "acceptance_f1": 0.0, "admiration_accuracy": 0.8817733990147784, "admiration_precision": 0.3409090909090909, "admiration_recall": 0.4411764705882353, "admiration_f1": 0.38461538461538464, "amazement_accuracy": 0.9802955665024631, "amazement_precision": 0.0, "amazement_recall": 0.0, "amazement_f1": 0.0, "anger or annoyance or hostility or fury_accuracy": 0.7931034482758621, "anger or annoyance or hostility or fury_precision": 0.3492063492063492, "anger or annoyance or hostility or fury_recall": 0.3384615384615385, "anger or annoyance or hostility or fury_f1": 0.34375, "anticipation or  expectancy or interest_accuracy": 0.9285714285714286, "anticipation or  expectancy or interest_precision": 0.23809523809523808, "anticipation or  expectancy or interest_recall": 0.2777777777777778, "anticipation or  expectancy or interest_f1": 0.25641025641025644, "calmness or serenity_accuracy": 0.9778325123152709, "calmness or serenity_precision": 0.0, "calmness or serenity_recall": 0.0, "calmness or serenity_f1": 0.0, "disappointment_accuracy": 0.9532019704433498, "disappointment_precision": 0.0, "disappointment_recall": 0.0, "disappointment_f1": 0.0, "disgust_accuracy": 0.916256157635468, "disgust_precision": 0.6, "disgust_recall": 0.08571428571428572, "disgust_f1": 0.15, "dislike_accuracy": 0.6650246305418719, "dislike_precision": 0.3515625, "dislike_recall": 0.45918367346938777, "dislike_f1": 0.3982300884955753, "fear or apprehension or panic or terror_accuracy": 0.9778325123152709, "fear or apprehension or panic or terror_precision": 0.0, "fear or apprehension or panic or terror_recall": 0.0, "fear or apprehension or panic or terror_f1": 0.0, "hate_accuracy": 0.9802955665024631, "hate_precision": 0.0, "hate_recall": 0.0, "hate_f1": 0.0, "indifference_accuracy": 0.9679802955665024, "indifference_precision": 0.0, "indifference_recall": 0.0, "indifference_f1": 0.0, "joy or happiness or elation_accuracy": 0.8940886699507389, "joy or happiness or elation_precision": 0.24242424242424243, "joy or happiness or elation_recall": 0.3076923076923077, "joy or happiness or elation_f1": 0.2711864406779661, "like_accuracy": 0.9507389162561576, "like_precision": 0.0, "like_recall": 0.0, "like_f1": 0.0, "sadness or gloominess or grief or sorrow_accuracy": 0.9975369458128078, "sadness or gloominess or grief or sorrow_precision": 0.0, "sadness or gloominess or grief or sorrow_recall": 0.0, "sadness or gloominess or grief or sorrow_f1": 0.0, "surprise_accuracy": 0.9876847290640394, "surprise_precision": 0.0, "surprise_recall": 0.0, "surprise_f1": 0.0, "trust_accuracy": 0.9852216748768473, "trust_precision": 0.0, "trust_recall": 0.0, "trust_f1": 0.0, "uncertainty or indecision or confusion_accuracy": 0.9630541871921182, "uncertainty or indecision or confusion_precision": 0.0, "uncertainty or indecision or confusion_recall": 0.0, "uncertainty or indecision or confusion_f1": 0.0, "vigilance_accuracy": 0.9876847290640394, "vigilance_precision": 0.0, "vigilance_recall": 0.0, "vigilance_f1": 0.0}