{"accuracy": 0.46722560975609756, "macro_precision": 0.33268583314676387, "macro_recall": 0.25479378879288433, "macro_f1": 0.24741286265855084, "micro_precision": 0.8123762376237624, "micro_recall": 0.7803138373751783, "micro_f1": 0.796022313849139, "weighted_precision": 0.7511327403863167, "weighted_recall": 0.7803138373751783, "weighted_f1": 0.7469914906763561, "no emotion_accuracy": 0.958079268292683, "no emotion_precision": 0.958079268292683, "no emotion_recall": 1.0, "no emotion_f1": 0.9785908913974309, "anger_accuracy": 0.9611280487804879, "anger_precision": 0.2857142857142857, "anger_recall": 0.041666666666666664, "anger_f1": 0.07272727272727272, "disgust_accuracy": 0.9817073170731707, "disgust_precision": 0.0, "disgust_recall": 0.0, "disgust_f1": 0.0, "fear_accuracy": 0.9916158536585366, "fear_precision": 0.0, "fear_recall": 0.0, "fear_f1": 0.0, "happiness_accuracy": 0.6463414634146342, "happiness_precision": 0.5516739446870451, "happiness_recall": 0.708411214953271, "happiness_f1": 0.6202945990180032, "sadness_accuracy": 0.9390243902439024, "sadness_precision": 0.2, "sadness_recall": 0.02702702702702703, "sadness_f1": 0.047619047619047616, "surprise_accuracy": 0.8810975609756098, "surprise_precision": 0.3333333333333333, "surprise_recall": 0.0064516129032258064, "surprise_f1": 0.012658227848101266}