{"accuracy": 0.4535060975609756, "macro_precision": 0.21451694201933996, "macro_recall": 0.24619492656875835, "macro_f1": 0.22846864950997783, "micro_precision": 0.8122529644268774, "micro_recall": 0.7817403708987162, "micro_f1": 0.7967046280591228, "weighted_precision": 0.7109363668900357, "weighted_recall": 0.7817403708987162, "weighted_f1": 0.7428234503108949, "no emotion_accuracy": 0.958079268292683, "no emotion_precision": 0.958079268292683, "no emotion_recall": 1.0, "no emotion_f1": 0.9785908913974309, "anger_accuracy": 0.9634146341463414, "anger_precision": 0.0, "anger_recall": 0.0, "anger_f1": 0.0, "disgust_accuracy": 0.9824695121951219, "disgust_precision": 0.0, "disgust_recall": 0.0, "disgust_f1": 0.0, "fear_accuracy": 0.9916158536585366, "fear_precision": 0.0, "fear_recall": 0.0, "fear_f1": 0.0, "happiness_accuracy": 0.6394817073170732, "happiness_precision": 0.5435393258426966, "happiness_recall": 0.7233644859813084, "happiness_f1": 0.6206896551724137, "sadness_accuracy": 0.9435975609756098, "sadness_precision": 0.0, "sadness_recall": 0.0, "sadness_f1": 0.0, "surprise_accuracy": 0.881859756097561, "surprise_precision": 0.0, "surprise_recall": 0.0, "surprise_f1": 0.0}