{"accuracy": 0.31478658536585363, "macro_precision": 0.19705582052893128, "macro_recall": 0.28010680907877167, "macro_f1": 0.22347798245034523, "micro_precision": 0.6986193293885602, "micro_recall": 0.8421302900618165, "micro_f1": 0.7636912462268219, "weighted_precision": 0.6798417877261839, "weighted_recall": 0.8421302900618165, "weighted_f1": 0.7339361235689434, "no emotion_accuracy": 0.958079268292683, "no emotion_precision": 0.958079268292683, "no emotion_recall": 1.0, "no emotion_f1": 0.9785908913974309, "anger_accuracy": 0.9634146341463414, "anger_precision": 0.0, "anger_recall": 0.0, "anger_f1": 0.0, "disgust_accuracy": 0.9824695121951219, "disgust_precision": 0.0, "disgust_recall": 0.0, "disgust_f1": 0.0, "fear_accuracy": 0.9908536585365854, "fear_precision": 0.0, "fear_recall": 0.0, "fear_f1": 0.0, "happiness_accuracy": 0.4458841463414634, "happiness_precision": 0.42131147540983604, "happiness_recall": 0.9607476635514018, "happiness_f1": 0.5857549857549856, "sadness_accuracy": 0.9435975609756098, "sadness_precision": 0.0, "sadness_recall": 0.0, "sadness_f1": 0.0, "surprise_accuracy": 0.8803353658536586, "surprise_precision": 0.0, "surprise_recall": 0.0, "surprise_f1": 0.0}