{"accuracy": 0.0, "macro_precision": 0.2312460797988348, "macro_recall": 0.8273066950486305, "macro_f1": 0.288264524584021, "micro_precision": 0.26719336873461985, "micro_recall": 0.9809795530194959, "micro_f1": 0.4199918566775244, "weighted_precision": 0.6891476644975937, "weighted_recall": 0.9809795530194959, "weighted_f1": 0.7551348574928436, "no emotion_accuracy": 0.958079268292683, "no emotion_precision": 0.958079268292683, "no emotion_recall": 1.0, "no emotion_f1": 0.9785908913974309, "anger_accuracy": 0.036585365853658534, "anger_precision": 0.036585365853658534, "anger_recall": 1.0, "anger_f1": 0.07058823529411765, "disgust_accuracy": 0.022103658536585365, "disgust_precision": 0.01761102603369066, "disgust_recall": 1.0, "disgust_f1": 0.03461249059443191, "fear_accuracy": 0.5350609756097561, "fear_precision": 0.003316749585406302, "fear_recall": 0.18181818181818182, "fear_f1": 0.006514657980456026, "happiness_accuracy": 0.40777439024390244, "happiness_precision": 0.40777439024390244, "happiness_recall": 1.0, "happiness_f1": 0.5793178126691934, "sadness_accuracy": 0.5030487804878049, "sadness_precision": 0.06994047619047619, "sadness_recall": 0.6351351351351351, "sadness_f1": 0.1260053619302949, "surprise_accuracy": 0.19435975609756098, "surprise_precision": 0.12541528239202657, "surprise_recall": 0.9741935483870968, "surprise_f1": 0.2222222222222222}