{"accuracy": 0.2850609756097561, "macro_precision": 0.1951219512195122, "macro_recall": 0.2857142857142857, "macro_f1": 0.22255838629523206, "micro_precision": 0.6826666666666666, "micro_recall": 0.8521160247265811, "micro_f1": 0.7580372250423012, "weighted_precision": 0.6763979738584833, "weighted_recall": 0.8521160247265811, "weighted_f1": 0.7322985165309506, "no emotion_accuracy": 0.958079268292683, "no emotion_precision": 0.958079268292683, "no emotion_recall": 1.0, "no emotion_f1": 0.9785908913974309, "anger_accuracy": 0.9634146341463414, "anger_precision": 0.0, "anger_recall": 0.0, "anger_f1": 0.0, "disgust_accuracy": 0.9824695121951219, "disgust_precision": 0.0, "disgust_recall": 0.0, "disgust_f1": 0.0, "fear_accuracy": 0.9916158536585366, "fear_precision": 0.0, "fear_recall": 0.0, "fear_f1": 0.0, "happiness_accuracy": 0.40777439024390244, "happiness_precision": 0.40777439024390244, "happiness_recall": 1.0, "happiness_f1": 0.5793178126691934, "sadness_accuracy": 0.9435975609756098, "sadness_precision": 0.0, "sadness_recall": 0.0, "sadness_f1": 0.0, "surprise_accuracy": 0.8810975609756098, "surprise_precision": 0.0, "surprise_recall": 0.0, "surprise_f1": 0.0}