{"accuracy": 0.009908536585365854, "macro_precision": 0.25077355133293044, "macro_recall": 0.685477669632583, "macro_f1": 0.2854105165609338, "micro_precision": 0.37761547572048954, "micro_recall": 0.9096528768426058, "micro_f1": 0.5336867066536476, "weighted_precision": 0.6954125000729581, "weighted_recall": 0.9096528768426058, "weighted_f1": 0.7472612998936083, "no emotion_accuracy": 0.958079268292683, "no emotion_precision": 0.958079268292683, "no emotion_recall": 1.0, "no emotion_f1": 0.9785908913974309, "anger_accuracy": 0.8338414634146342, "anger_precision": 0.08333333333333333, "anger_recall": 0.3541666666666667, "anger_f1": 0.1349206349206349, "disgust_accuracy": 0.7217987804878049, "disgust_precision": 0.035326086956521736, "disgust_recall": 0.5652173913043478, "disgust_f1": 0.06649616368286444, "fear_accuracy": 0.5960365853658537, "fear_precision": 0.01675977653631285, "fear_recall": 0.8181818181818182, "fear_f1": 0.03284671532846715, "happiness_accuracy": 0.4100609756097561, "happiness_precision": 0.4084291187739464, "happiness_recall": 0.9962616822429906, "happiness_f1": 0.5793478260869566, "sadness_accuracy": 0.07393292682926829, "sadness_precision": 0.057408844065166796, "sadness_recall": 1.0, "sadness_f1": 0.10858400586940573, "surprise_accuracy": 0.8582317073170732, "surprise_precision": 0.19607843137254902, "surprise_recall": 0.06451612903225806, "surprise_f1": 0.09708737864077668}