{"accuracy": 0.3170731707317073, "macro_precision": 0.27066785899621915, "macro_recall": 0.28260476334036777, "macro_f1": 0.23083685316325323, "micro_precision": 0.7111913357400722, "micro_recall": 0.8430813124108416, "micro_f1": 0.7715404699738903, "weighted_precision": 0.720582198596366, "weighted_recall": 0.8430813124108416, "weighted_f1": 0.7403067750842124, "no emotion_accuracy": 0.958079268292683, "no emotion_precision": 0.958079268292683, "no emotion_recall": 1.0, "no emotion_f1": 0.9785908913974309, "anger_accuracy": 0.9634146341463414, "anger_precision": 0.0, "anger_recall": 0.0, "anger_f1": 0.0, "disgust_accuracy": 0.9824695121951219, "disgust_precision": 0.0, "disgust_recall": 0.0, "disgust_f1": 0.0, "fear_accuracy": 0.9916158536585366, "fear_precision": 0.0, "fear_recall": 0.0, "fear_f1": 0.0, "happiness_accuracy": 0.47865853658536583, "happiness_precision": 0.43659574468085105, "happiness_recall": 0.9588785046728971, "happiness_f1": 0.6, "sadness_accuracy": 0.9435975609756098, "sadness_precision": 0.0, "sadness_recall": 0.0, "sadness_f1": 0.0, "surprise_accuracy": 0.881859756097561, "surprise_precision": 0.5, "surprise_recall": 0.01935483870967742, "surprise_f1": 0.037267080745341616}