{"accuracy": 0.2705792682926829, "macro_precision": 0.21387119104132937, "macro_recall": 0.30295878375468366, "macro_f1": 0.2407080341207289, "micro_precision": 0.6499102333931778, "micro_recall": 0.8606752258678079, "micro_f1": 0.7405891980360066, "weighted_precision": 0.6862714157691749, "weighted_recall": 0.8606752258678079, "weighted_f1": 0.7418073178526698, "no emotion_accuracy": 0.958079268292683, "no emotion_precision": 0.958079268292683, "no emotion_recall": 1.0, "no emotion_f1": 0.9785908913974309, "anger_accuracy": 0.9634146341463414, "anger_precision": 0.0, "anger_recall": 0.0, "anger_f1": 0.0, "disgust_accuracy": 0.9809451219512195, "disgust_precision": 0.0, "disgust_recall": 0.0, "disgust_f1": 0.0, "fear_accuracy": 0.9832317073170732, "fear_precision": 0.0, "fear_recall": 0.0, "fear_f1": 0.0, "happiness_accuracy": 0.4108231707317073, "happiness_precision": 0.40888208269525267, "happiness_recall": 0.9981308411214953, "happiness_f1": 0.5801195002715915, "sadness_accuracy": 0.9375, "sadness_precision": 0.0, "sadness_recall": 0.0, "sadness_f1": 0.0, "surprise_accuracy": 0.7995426829268293, "surprise_precision": 0.13013698630136986, "surprise_recall": 0.12258064516129032, "surprise_f1": 0.12624584717607973}