{"accuracy": 0.5213414634146342, "macro_precision": 0.4710418227758861, "macro_recall": 0.4193702198073031, "macro_f1": 0.4265552044765939, "micro_precision": 0.7964801444043321, "micro_recall": 0.8392772230147408, "micro_f1": 0.817318823801806, "weighted_precision": 0.7934091722506978, "weighted_recall": 0.8392772230147408, "weighted_f1": 0.8126194531887195, "no emotion_accuracy": 0.961890243902439, "no emotion_precision": 0.9674670797831139, "no emotion_recall": 0.9936356404136834, "no emotion_f1": 0.9803767660910517, "anger_accuracy": 0.9634146341463414, "anger_precision": 0.5, "anger_recall": 0.375, "anger_f1": 0.42857142857142855, "disgust_accuracy": 0.9824695121951219, "disgust_precision": 0.5, "disgust_recall": 0.13043478260869565, "disgust_f1": 0.20689655172413793, "fear_accuracy": 0.9916158536585366, "fear_precision": 0.0, "fear_recall": 0.0, "fear_f1": 0.0, "happiness_accuracy": 0.7027439024390244, "happiness_precision": 0.6090225563909775, "happiness_recall": 0.7570093457943925, "happiness_f1": 0.675, "sadness_accuracy": 0.9230182926829268, "sadness_precision": 0.2545454545454545, "sadness_recall": 0.1891891891891892, "sadness_f1": 0.21705426356589144, "surprise_accuracy": 0.8734756097560976, "surprise_precision": 0.4662576687116564, "surprise_recall": 0.49032258064516127, "surprise_f1": 0.4779874213836478}