{"accuracy": 0.5175304878048781, "macro_precision": 0.46525663018545665, "macro_recall": 0.42797405303763403, "macro_f1": 0.4371966145334828, "micro_precision": 0.7969244685662596, "micro_recall": 0.837850689491203, "micro_f1": 0.8168752897542885, "weighted_precision": 0.7923073283143024, "weighted_recall": 0.837850689491203, "weighted_f1": 0.8119849722596144, "no emotion_accuracy": 0.9573170731707317, "no emotion_precision": 0.9644238205723125, "no emotion_recall": 0.9920445505171042, "no emotion_f1": 0.9780392156862745, "anger_accuracy": 0.9657012195121951, "anger_precision": 0.5405405405405406, "anger_recall": 0.4166666666666667, "anger_f1": 0.47058823529411764, "disgust_accuracy": 0.9809451219512195, "disgust_precision": 0.4, "disgust_recall": 0.17391304347826086, "disgust_f1": 0.24242424242424243, "fear_accuracy": 0.9916158536585366, "fear_precision": 0.0, "fear_recall": 0.0, "fear_f1": 0.0, "happiness_accuracy": 0.7019817073170732, "happiness_precision": 0.6077844311377245, "happiness_recall": 0.7588785046728972, "happiness_f1": 0.6749792186201163, "sadness_accuracy": 0.9237804878048781, "sadness_precision": 0.26785714285714285, "sadness_recall": 0.20270270270270271, "sadness_f1": 0.23076923076923078, "surprise_accuracy": 0.8765243902439024, "surprise_precision": 0.47619047619047616, "surprise_recall": 0.45161290322580644, "surprise_f1": 0.46357615894039733}