{"accuracy": 0.41996951219512196, "macro_precision": 0.3632051661209378, "macro_recall": 0.263950771909771, "macro_f1": 0.2430881645509909, "micro_precision": 0.7687385740402194, "micro_recall": 0.7998097955301949, "micro_f1": 0.7839664413889535, "weighted_precision": 0.7538452585973511, "weighted_recall": 0.7998097955301949, "weighted_f1": 0.7433403874731772, "no emotion_accuracy": 0.958079268292683, "no emotion_precision": 0.958079268292683, "no emotion_recall": 1.0, "no emotion_f1": 0.9785908913974309, "anger_accuracy": 0.9634146341463414, "anger_precision": 0.0, "anger_recall": 0.0, "anger_f1": 0.0, "disgust_accuracy": 0.9824695121951219, "disgust_precision": 0.0, "disgust_recall": 0.0, "disgust_f1": 0.0, "fear_accuracy": 0.9916158536585366, "fear_precision": 0.0, "fear_recall": 0.0, "fear_f1": 0.0, "happiness_accuracy": 0.5716463414634146, "happiness_precision": 0.4843568945538818, "happiness_recall": 0.7813084112149533, "happiness_f1": 0.597997138769671, "sadness_accuracy": 0.944359756097561, "sadness_precision": 0.6, "sadness_recall": 0.04054054054054054, "sadness_f1": 0.0759493670886076, "surprise_accuracy": 0.881859756097561, "surprise_precision": 0.5, "surprise_recall": 0.025806451612903226, "surprise_f1": 0.049079754601226995}