{"accuracy": 0.2855, "macro_precision": 0.17891634467458808, "macro_recall": 0.18063128062234968, "macro_f1": 0.16168861192250802, "micro_precision": 0.3729794933655006, "micro_recall": 0.3865, "micro_f1": 0.3796193984039288, "weighted_precision": 0.31322815532531495, "weighted_recall": 0.3865, "weighted_f1": 0.33300161341561774, "anger_accuracy": 0.99675, "anger_precision": 0.0, "anger_recall": 0.0, "anger_f1": 0.0, "boredom_accuracy": 0.9955, "boredom_precision": 0.0, "boredom_recall": 0.0, "boredom_f1": 0.0, "empty_accuracy": 0.982, "empty_precision": 0.0, "empty_recall": 0.0, "empty_f1": 0.0, "enthusiasm_accuracy": 0.98, "enthusiasm_precision": 0.0, "enthusiasm_recall": 0.0, "enthusiasm_f1": 0.0, "fun_accuracy": 0.95925, "fun_precision": 0.0, "fun_recall": 0.0, "fun_f1": 0.0, "happiness_accuracy": 0.82875, "happiness_precision": 0.3564356435643564, "happiness_recall": 0.3333333333333333, "happiness_f1": 0.34449760765550236, "hate_accuracy": 0.96875, "hate_precision": 0.42857142857142855, "hate_recall": 0.024193548387096774, "hate_f1": 0.04580152671755725, "love_accuracy": 0.886, "love_precision": 0.44789356984478934, "love_recall": 0.4938875305623472, "love_f1": 0.4697674418604651, "neutral_accuracy": 0.73725, "neutral_precision": 0.4070107108081792, "neutral_recall": 0.48604651162790696, "neutral_f1": 0.44303126656067826, "relief_accuracy": 0.9665, "relief_precision": 0.0, "relief_recall": 0.0, "relief_f1": 0.0, "sadness_accuracy": 0.8195, "sadness_precision": 0.3393177737881508, "sadness_recall": 0.34806629834254144, "sadness_f1": 0.3436363636363636, "surprise_accuracy": 0.948, "surprise_precision": 0.0, "surprise_recall": 0.0, "surprise_f1": 0.0, "worry_accuracy": 0.6685, "worry_precision": 0.34668335419274093, "worry_recall": 0.6626794258373205, "worry_f1": 0.4552177485620378}