{"accuracy": 0.12525, "macro_precision": 0.12112691230338289, "macro_recall": 0.046284963754211844, "macro_f1": 0.05447215872574433, "micro_precision": 0.40208667736757625, "micro_recall": 0.12525, "micro_f1": 0.19100266869996185, "weighted_precision": 0.2740342787114846, "weighted_recall": 0.12525, "weighted_f1": 0.14496078955984765, "anger_accuracy": 0.99675, "anger_precision": 0.0, "anger_recall": 0.0, "anger_f1": 0.0, "boredom_accuracy": 0.9955, "boredom_precision": 0.0, "boredom_recall": 0.0, "boredom_f1": 0.0, "empty_accuracy": 0.982, "empty_precision": 0.0, "empty_recall": 0.0, "empty_f1": 0.0, "enthusiasm_accuracy": 0.98, "enthusiasm_precision": 0.0, "enthusiasm_recall": 0.0, "enthusiasm_f1": 0.0, "fun_accuracy": 0.95925, "fun_precision": 0.0, "fun_recall": 0.0, "fun_f1": 0.0, "happiness_accuracy": 0.8655, "happiness_precision": 0.5294117647058824, "happiness_recall": 0.03333333333333333, "happiness_f1": 0.0627177700348432, "hate_accuracy": 0.969, "hate_precision": 0.0, "hate_recall": 0.0, "hate_f1": 0.0, "love_accuracy": 0.89775, "love_precision": 0.0, "love_recall": 0.0, "love_f1": 0.0, "neutral_accuracy": 0.7445, "neutral_precision": 0.4035714285714286, "neutral_recall": 0.3941860465116279, "neutral_f1": 0.39882352941176474, "relief_accuracy": 0.9665, "relief_precision": 0.0, "relief_recall": 0.0, "relief_f1": 0.0, "sadness_accuracy": 0.86275, "sadness_precision": 0.25, "sadness_recall": 0.0055248618784530384, "sadness_f1": 0.010810810810810811, "surprise_accuracy": 0.948, "surprise_precision": 0.0, "surprise_recall": 0.0, "surprise_f1": 0.0, "worry_accuracy": 0.7715, "worry_precision": 0.39166666666666666, "worry_recall": 0.1686602870813397, "worry_f1": 0.23578595317725753}