{"accuracy": 0.269, "macro_precision": 0.08230144706017549, "macro_recall": 0.11800791538920478, "macro_f1": 0.09535960845028352, "micro_precision": 0.35117493472584854, "micro_recall": 0.269, "micro_f1": 0.304643261608154, "weighted_precision": 0.18935363644206712, "weighted_recall": 0.269, "weighted_f1": 0.21781464509222662, "anger_accuracy": 0.99675, "anger_precision": 0.0, "anger_recall": 0.0, "anger_f1": 0.0, "boredom_accuracy": 0.9955, "boredom_precision": 0.0, "boredom_recall": 0.0, "boredom_f1": 0.0, "empty_accuracy": 0.982, "empty_precision": 0.0, "empty_recall": 0.0, "empty_f1": 0.0, "enthusiasm_accuracy": 0.98, "enthusiasm_precision": 0.0, "enthusiasm_recall": 0.0, "enthusiasm_f1": 0.0, "fun_accuracy": 0.95925, "fun_precision": 0.0, "fun_recall": 0.0, "fun_f1": 0.0, "happiness_accuracy": 0.865, "happiness_precision": 0.0, "happiness_recall": 0.0, "happiness_f1": 0.0, "hate_accuracy": 0.969, "hate_precision": 0.0, "hate_recall": 0.0, "hate_f1": 0.0, "love_accuracy": 0.8505, "love_precision": 0.34328358208955223, "love_recall": 0.5061124694376528, "love_f1": 0.40909090909090906, "neutral_accuracy": 0.74075, "neutral_precision": 0.3976878612716763, "neutral_recall": 0.4, "neutral_f1": 0.39884057971014497, "relief_accuracy": 0.9665, "relief_precision": 0.0, "relief_recall": 0.0, "relief_f1": 0.0, "sadness_accuracy": 0.86425, "sadness_precision": 0.0, "sadness_recall": 0.0, "sadness_f1": 0.0, "surprise_accuracy": 0.948, "surprise_precision": 0.0, "surprise_recall": 0.0, "surprise_f1": 0.0, "worry_accuracy": 0.6545, "worry_precision": 0.32894736842105265, "worry_recall": 0.6279904306220095, "worry_f1": 0.4317434210526316}