{"accuracy": 0.192, "macro_precision": 0.0869330305556343, "macro_recall": 0.07429712497031958, "macro_f1": 0.0749495116490929, "micro_precision": 0.3684710351377018, "micro_recall": 0.194, "micro_f1": 0.25417622011136587, "weighted_precision": 0.20946392277540246, "weighted_recall": 0.194, "weighted_f1": 0.19027993453060701, "anger_accuracy": 0.99675, "anger_precision": 0.0, "anger_recall": 0.0, "anger_f1": 0.0, "boredom_accuracy": 0.9955, "boredom_precision": 0.0, "boredom_recall": 0.0, "boredom_f1": 0.0, "empty_accuracy": 0.982, "empty_precision": 0.0, "empty_recall": 0.0, "empty_f1": 0.0, "enthusiasm_accuracy": 0.98, "enthusiasm_precision": 0.0, "enthusiasm_recall": 0.0, "enthusiasm_f1": 0.0, "fun_accuracy": 0.95925, "fun_precision": 0.0, "fun_recall": 0.0, "fun_f1": 0.0, "happiness_accuracy": 0.85375, "happiness_precision": 0.3902439024390244, "happiness_recall": 0.14814814814814814, "happiness_f1": 0.21476510067114093, "hate_accuracy": 0.969, "hate_precision": 0.0, "hate_recall": 0.0, "hate_f1": 0.0, "love_accuracy": 0.89775, "love_precision": 0.0, "love_recall": 0.0, "love_f1": 0.0, "neutral_accuracy": 0.6965, "neutral_precision": 0.357487922705314, "neutral_recall": 0.5162790697674419, "neutral_f1": 0.4224548049476689, "relief_accuracy": 0.9665, "relief_precision": 0.0, "relief_recall": 0.0, "relief_f1": 0.0, "sadness_accuracy": 0.86425, "sadness_precision": 0.0, "sadness_recall": 0.0, "sadness_f1": 0.0, "surprise_accuracy": 0.948, "surprise_precision": 0.0, "surprise_recall": 0.0, "surprise_f1": 0.0, "worry_accuracy": 0.75225, "worry_precision": 0.38239757207890746, "worry_recall": 0.3014354066985646, "worry_f1": 0.337123745819398}