{"accuracy": 0.268, "macro_precision": 0.16383276576477585, "macro_recall": 0.11890022121433219, "macro_f1": 0.12169970744983369, "micro_precision": 0.39354612416695894, "micro_recall": 0.2805, "micro_f1": 0.32754342431761785, "weighted_precision": 0.32722061533300684, "weighted_recall": 0.2805, "weighted_f1": 0.26924175375085657, "anger_accuracy": 0.99675, "anger_precision": 0.0, "anger_recall": 0.0, "anger_f1": 0.0, "boredom_accuracy": 0.9955, "boredom_precision": 0.0, "boredom_recall": 0.0, "boredom_f1": 0.0, "empty_accuracy": 0.982, "empty_precision": 0.0, "empty_recall": 0.0, "empty_f1": 0.0, "enthusiasm_accuracy": 0.98, "enthusiasm_precision": 0.0, "enthusiasm_recall": 0.0, "enthusiasm_f1": 0.0, "fun_accuracy": 0.95925, "fun_precision": 0.0, "fun_recall": 0.0, "fun_f1": 0.0, "happiness_accuracy": 0.846, "happiness_precision": 0.3442622950819672, "happiness_recall": 0.15555555555555556, "happiness_f1": 0.2142857142857143, "hate_accuracy": 0.969, "hate_precision": 0.0, "hate_recall": 0.0, "hate_f1": 0.0, "love_accuracy": 0.90825, "love_precision": 0.6129032258064516, "love_recall": 0.2787286063569682, "love_f1": 0.38319327731092445, "neutral_accuracy": 0.7415, "neutral_precision": 0.41334661354581675, "neutral_recall": 0.48255813953488375, "neutral_f1": 0.44527896995708155, "relief_accuracy": 0.9665, "relief_precision": 0.0, "relief_recall": 0.0, "relief_f1": 0.0, "sadness_accuracy": 0.8605, "sadness_precision": 0.4025974025974026, "sadness_recall": 0.0570902394106814, "sadness_f1": 0.09999999999999999, "surprise_accuracy": 0.948, "surprise_precision": 0.0, "surprise_recall": 0.0, "surprise_f1": 0.0, "worry_accuracy": 0.695, "worry_precision": 0.3567164179104478, "worry_recall": 0.5717703349282297, "worry_f1": 0.43933823529411764}