{"accuracy": 0.0915, "macro_precision": 0.060339660339660345, "macro_recall": 0.03285514974621462, "macro_f1": 0.03511636355238476, "micro_precision": 0.3556851311953353, "micro_recall": 0.0915, "micro_f1": 0.14555577649632132, "weighted_precision": 0.1660207792207792, "weighted_recall": 0.0915, "weighted_f1": 0.09756362613954239, "anger_accuracy": 0.99675, "anger_precision": 0.0, "anger_recall": 0.0, "anger_f1": 0.0, "boredom_accuracy": 0.9955, "boredom_precision": 0.0, "boredom_recall": 0.0, "boredom_f1": 0.0, "empty_accuracy": 0.982, "empty_precision": 0.0, "empty_recall": 0.0, "empty_f1": 0.0, "enthusiasm_accuracy": 0.98, "enthusiasm_precision": 0.0, "enthusiasm_recall": 0.0, "enthusiasm_f1": 0.0, "fun_accuracy": 0.95925, "fun_precision": 0.0, "fun_recall": 0.0, "fun_f1": 0.0, "happiness_accuracy": 0.865, "happiness_precision": 0.0, "happiness_recall": 0.0, "happiness_f1": 0.0, "hate_accuracy": 0.969, "hate_precision": 0.0, "hate_recall": 0.0, "hate_f1": 0.0, "love_accuracy": 0.89775, "love_precision": 0.0, "love_recall": 0.0, "love_f1": 0.0, "neutral_accuracy": 0.714, "neutral_precision": 0.3463203463203463, "neutral_recall": 0.37209302325581395, "neutral_f1": 0.358744394618834, "relief_accuracy": 0.9665, "relief_precision": 0.0, "relief_recall": 0.0, "relief_f1": 0.0, "sadness_accuracy": 0.86425, "sadness_precision": 0.0, "sadness_recall": 0.0, "sadness_f1": 0.0, "surprise_accuracy": 0.948, "surprise_precision": 0.0, "surprise_recall": 0.0, "surprise_f1": 0.0, "worry_accuracy": 0.78775, "worry_precision": 0.4380952380952381, "worry_recall": 0.05502392344497608, "worry_f1": 0.09776833156216791}