{"accuracy": 0.3275, "macro_precision": 0.23963249938866987, "macro_recall": 0.23505819704565115, "macro_f1": 0.22789991453897132, "micro_precision": 0.39479961832061067, "micro_recall": 0.41375, "micro_f1": 0.404052734375, "weighted_precision": 0.36645630312121075, "weighted_recall": 0.41375, "weighted_f1": 0.3819064269433267, "anger_accuracy": 0.99675, "anger_precision": 0.0, "anger_recall": 0.0, "anger_f1": 0.0, "boredom_accuracy": 0.9955, "boredom_precision": 0.0, "boredom_recall": 0.0, "boredom_f1": 0.0, "empty_accuracy": 0.982, "empty_precision": 0.0, "empty_recall": 0.0, "empty_f1": 0.0, "enthusiasm_accuracy": 0.98, "enthusiasm_precision": 0.0, "enthusiasm_recall": 0.0, "enthusiasm_f1": 0.0, "fun_accuracy": 0.95075, "fun_precision": 0.18518518518518517, "fun_recall": 0.06134969325153374, "fun_f1": 0.09216589861751152, "happiness_accuracy": 0.81925, "happiness_precision": 0.3671988388969521, "happiness_recall": 0.4685185185185185, "happiness_f1": 0.4117168429617575, "hate_accuracy": 0.95825, "hate_precision": 0.32231404958677684, "hate_recall": 0.31451612903225806, "hate_f1": 0.3183673469387755, "love_accuracy": 0.89375, "love_precision": 0.4812206572769953, "love_recall": 0.5012224938875306, "love_f1": 0.49101796407185627, "neutral_accuracy": 0.75475, "neutral_precision": 0.43730569948186526, "neutral_recall": 0.4906976744186046, "neutral_f1": 0.46246575342465757, "relief_accuracy": 0.95925, "relief_precision": 0.27692307692307694, "relief_recall": 0.13432835820895522, "relief_f1": 0.18090452261306533, "sadness_accuracy": 0.81075, "sadness_precision": 0.34844192634560905, "sadness_recall": 0.4530386740331492, "sadness_f1": 0.3939151321056845, "surprise_accuracy": 0.94025, "surprise_precision": 0.29333333333333333, "surprise_recall": 0.10576923076923077, "surprise_f1": 0.15547703180212014, "worry_accuracy": 0.73825, "worry_precision": 0.4032997250229148, "worry_recall": 0.5263157894736842, "worry_f1": 0.4566683964711988}