{"accuracy": 0.3195, "macro_precision": 0.23123628171447988, "macro_recall": 0.23529941396276965, "macro_f1": 0.227220578961458, "micro_precision": 0.39500839932805376, "micro_recall": 0.4115, "micro_f1": 0.4030855883433329, "weighted_precision": 0.3654423142402038, "weighted_recall": 0.4115, "weighted_f1": 0.3825849838422273, "anger_accuracy": 0.99675, "anger_precision": 0.0, "anger_recall": 0.0, "anger_f1": 0.0, "boredom_accuracy": 0.9955, "boredom_precision": 0.0, "boredom_recall": 0.0, "boredom_f1": 0.0, "empty_accuracy": 0.982, "empty_precision": 0.0, "empty_recall": 0.0, "empty_f1": 0.0, "enthusiasm_accuracy": 0.98, "enthusiasm_precision": 0.0, "enthusiasm_recall": 0.0, "enthusiasm_f1": 0.0, "fun_accuracy": 0.9485, "fun_precision": 0.18840579710144928, "fun_recall": 0.07975460122699386, "fun_f1": 0.1120689655172414, "happiness_accuracy": 0.82825, "happiness_precision": 0.3917525773195876, "happiness_recall": 0.4925925925925926, "happiness_f1": 0.43642329778506966, "hate_accuracy": 0.9545, "hate_precision": 0.2898550724637681, "hate_recall": 0.3225806451612903, "hate_f1": 0.3053435114503817, "love_accuracy": 0.89925, "love_precision": 0.507537688442211, "love_recall": 0.4938875305623472, "love_f1": 0.5006195786864932, "neutral_accuracy": 0.7565, "neutral_precision": 0.43790849673202614, "neutral_recall": 0.46744186046511627, "neutral_f1": 0.45219347581552305, "relief_accuracy": 0.95775, "relief_precision": 0.2463768115942029, "relief_recall": 0.12686567164179105, "relief_f1": 0.16748768472906406, "sadness_accuracy": 0.818, "sadness_precision": 0.36574746008708275, "sadness_recall": 0.46408839779005523, "sadness_f1": 0.4090909090909091, "surprise_accuracy": 0.93175, "surprise_precision": 0.18446601941747573, "surprise_recall": 0.09134615384615384, "surprise_f1": 0.12218649517684887, "worry_accuracy": 0.7325, "worry_precision": 0.39402173913043476, "worry_recall": 0.5203349282296651, "worry_f1": 0.4484536082474227}