{"accuracy": 0.24925, "macro_precision": 0.2594822858142839, "macro_recall": 0.15993124282702512, "macro_f1": 0.16605301323770877, "micro_precision": 0.4025423728813559, "micro_recall": 0.3325, "micro_f1": 0.364184008762322, "weighted_precision": 0.3871135936775355, "weighted_recall": 0.3325, "weighted_f1": 0.3279430663135097, "anger_accuracy": 0.99675, "anger_precision": 0.0, "anger_recall": 0.0, "anger_f1": 0.0, "boredom_accuracy": 0.9955, "boredom_precision": 0.0, "boredom_recall": 0.0, "boredom_f1": 0.0, "empty_accuracy": 0.982, "empty_precision": 0.0, "empty_recall": 0.0, "empty_f1": 0.0, "enthusiasm_accuracy": 0.98, "enthusiasm_precision": 0.0, "enthusiasm_recall": 0.0, "enthusiasm_f1": 0.0, "fun_accuracy": 0.95925, "fun_precision": 0.0, "fun_recall": 0.0, "fun_f1": 0.0, "happiness_accuracy": 0.83075, "happiness_precision": 0.36801541425818884, "happiness_recall": 0.3537037037037037, "happiness_f1": 0.3607176581680831, "hate_accuracy": 0.96375, "hate_precision": 0.2857142857142857, "hate_recall": 0.11290322580645161, "hate_f1": 0.16184971098265896, "love_accuracy": 0.9035, "love_precision": 0.5433962264150943, "love_recall": 0.35207823960880197, "love_f1": 0.427299703264095, "neutral_accuracy": 0.741, "neutral_precision": 0.4103869653767821, "neutral_recall": 0.4686046511627907, "neutral_f1": 0.4375678610206298, "relief_accuracy": 0.9665, "relief_precision": 0.0, "relief_recall": 0.0, "relief_f1": 0.0, "sadness_accuracy": 0.8385, "sadness_precision": 0.37220843672456577, "sadness_recall": 0.27624309392265195, "sadness_f1": 0.3171247357293869, "surprise_accuracy": 0.94825, "surprise_precision": 1.0, "surprise_recall": 0.004807692307692308, "surprise_f1": 0.009569377990430623, "worry_accuracy": 0.73325, "worry_precision": 0.3935483870967742, "worry_recall": 0.5107655502392344, "worry_f1": 0.4445601249349297}