{"accuracy": 0.8143459915611815, "macro_precision": 0.8073868366177914, "macro_recall": 0.8485060570549077, "macro_f1": 0.8267374131183262, "micro_precision": 0.8088235294117647, "micro_recall": 0.8509142053445851, "micro_f1": 0.8293351610692256, "weighted_precision": 0.8112757748025012, "weighted_recall": 0.8509142053445851, "weighted_f1": 0.8300251985610136, "anger_accuracy": 0.9353023909985936, "anger_precision": 0.8717948717948718, "anger_recall": 0.8395061728395061, "anger_f1": 0.8553459119496856, "joy_accuracy": 0.9338959212376934, "joy_precision": 0.8461538461538461, "joy_recall": 0.9065934065934066, "joy_f1": 0.8753315649867375, "sadness_accuracy": 0.9015471167369902, "sadness_precision": 0.7124183006535948, "sadness_recall": 0.8074074074074075, "sadness_f1": 0.7569444444444444, "fear_accuracy": 0.8790436005625879, "fear_precision": 0.7991803278688525, "fear_recall": 0.8405172413793104, "fear_f1": 0.8193277310924371}