{"accuracy": 0.8171589310829818, "macro_precision": 0.8224792358803986, "macro_recall": 0.8546270858770858, "macro_f1": 0.8357966315879848, "micro_precision": 0.8168449197860963, "micro_recall": 0.8593530239099859, "micro_f1": 0.8375599725839615, "weighted_precision": 0.8221998090440834, "weighted_recall": 0.8593530239099859, "weighted_f1": 0.8380619910438816, "anger_accuracy": 0.9381153305203939, "anger_precision": 0.9214285714285714, "anger_recall": 0.7962962962962963, "anger_f1": 0.8543046357615894, "joy_accuracy": 0.9324894514767933, "joy_precision": 0.835, "joy_recall": 0.9175824175824175, "joy_f1": 0.87434554973822, "sadness_accuracy": 0.9142053445850914, "sadness_precision": 0.7466666666666667, "sadness_recall": 0.8296296296296296, "sadness_f1": 0.7859649122807018, "fear_accuracy": 0.8818565400843882, "fear_precision": 0.7868217054263565, "fear_recall": 0.875, "fear_f1": 0.8285714285714285}