{"accuracy": 0.379746835443038, "macro_precision": 0.5394283125523168, "macro_recall": 0.5223710756038342, "macro_f1": 0.5244818162772409, "micro_precision": 0.5199449793672627, "micro_recall": 0.5316455696202531, "micro_f1": 0.5257301808066759, "weighted_precision": 0.5371077898795001, "weighted_recall": 0.5316455696202531, "weighted_f1": 0.5270618493069562, "anger_accuracy": 0.8016877637130801, "anger_precision": 0.5686274509803921, "anger_recall": 0.5370370370370371, "anger_f1": 0.5523809523809524, "joy_accuracy": 0.8030942334739803, "joy_precision": 0.6590909090909091, "joy_recall": 0.47802197802197804, "joy_f1": 0.554140127388535, "sadness_accuracy": 0.8002812939521801, "sadness_precision": 0.47368421052631576, "sadness_recall": 0.4666666666666667, "sadness_f1": 0.47014925373134325, "fear_accuracy": 0.6357243319268636, "fear_precision": 0.4563106796116505, "fear_recall": 0.6077586206896551, "fear_f1": 0.5212569316081331}