{"accuracy": 0.18424753867791843, "macro_precision": 0.3620651864201005, "macro_recall": 0.1987286207832185, "macro_f1": 0.1882401693455798, "micro_precision": 0.2722689075630252, "micro_recall": 0.22784810126582278, "micro_f1": 0.2480857580398162, "weighted_precision": 0.36832814872767117, "weighted_recall": 0.22784810126582278, "weighted_f1": 0.20418550571819039, "anger_accuracy": 0.7609001406469761, "anger_precision": 0.36666666666666664, "anger_recall": 0.06790123456790123, "anger_f1": 0.11458333333333331, "joy_accuracy": 0.7510548523206751, "joy_precision": 0.631578947368421, "joy_recall": 0.06593406593406594, "joy_f1": 0.11940298507462688, "sadness_accuracy": 0.7046413502109705, "sadness_precision": 0.17391304347826086, "sadness_recall": 0.14814814814814814, "sadness_f1": 0.15999999999999998, "fear_accuracy": 0.4022503516174402, "fear_precision": 0.27610208816705334, "fear_recall": 0.5129310344827587, "fear_f1": 0.358974358974359}