{"accuracy": 0.4120956399437412, "macro_precision": 0.553991753565401, "macro_recall": 0.6486677169148434, "macro_f1": 0.5763768529759983, "micro_precision": 0.5055066079295154, "micro_recall": 0.6455696202531646, "micro_f1": 0.567016676961087, "weighted_precision": 0.5632088866641206, "weighted_recall": 0.6455696202531646, "weighted_f1": 0.5836989212657224, "anger_accuracy": 0.8382559774964838, "anger_precision": 0.6666666666666666, "anger_recall": 0.5802469135802469, "anger_f1": 0.6204620462046205, "joy_accuracy": 0.8382559774964838, "joy_precision": 0.7161290322580646, "joy_recall": 0.6098901098901099, "joy_f1": 0.658753709198813, "sadness_accuracy": 0.6540084388185654, "sadness_precision": 0.3215434083601286, "sadness_recall": 0.7407407407407407, "sadness_f1": 0.4484304932735425, "fear_accuracy": 0.6835443037974683, "fear_precision": 0.5116279069767442, "fear_recall": 0.6637931034482759, "fear_f1": 0.577861163227017}