{"accuracy": 0.18706047819971872, "macro_precision": 0.1448026727230835, "macro_recall": 0.26186143039591314, "macro_f1": 0.158981664462638, "micro_precision": 0.24005681818181818, "micro_recall": 0.23769338959212377, "micro_f1": 0.23886925795053005, "weighted_precision": 0.16263296731602414, "weighted_recall": 0.23769338959212377, "weighted_f1": 0.16543152034969547, "anger_accuracy": 0.7721518987341772, "anger_precision": 0.0, "anger_recall": 0.0, "anger_f1": 0.0, "joy_accuracy": 0.7440225035161744, "joy_precision": 0.0, "joy_recall": 0.0, "joy_f1": 0.0, "sadness_accuracy": 0.350210970464135, "sadness_precision": 0.19324577861163228, "sadness_recall": 0.762962962962963, "sadness_f1": 0.3083832335329342, "fear_accuracy": 0.6188466947960619, "fear_precision": 0.38596491228070173, "fear_recall": 0.28448275862068967, "fear_f1": 0.3275434243176179}