{"accuracy": 0.32489451476793246, "macro_precision": 0.41439350689539056, "macro_recall": 0.40588045415631624, "macro_f1": 0.34989678871037766, "micro_precision": 0.38333333333333336, "micro_recall": 0.45288326300984527, "micro_f1": 0.4152159896840748, "weighted_precision": 0.4228905903247316, "weighted_recall": 0.45288326300984527, "weighted_f1": 0.3760314595853436, "anger_accuracy": 0.7735583684950773, "anger_precision": 0.5217391304347826, "anger_recall": 0.07407407407407407, "anger_f1": 0.12972972972972974, "joy_accuracy": 0.7777777777777778, "joy_precision": 0.5689655172413793, "joy_recall": 0.5439560439560439, "joy_f1": 0.5561797752808988, "sadness_accuracy": 0.6736990154711674, "sadness_precision": 0.1949685534591195, "sadness_recall": 0.22962962962962963, "sadness_f1": 0.2108843537414966, "fear_accuracy": 0.49929676511954996, "fear_precision": 0.371900826446281, "fear_recall": 0.7758620689655172, "fear_f1": 0.5027932960893855}