{"accuracy": 0.170182841068917, "macro_precision": 0.29318538856220455, "macro_recall": 0.21839185718496062, "macro_f1": 0.22026624554969204, "micro_precision": 0.265, "micro_recall": 0.22362869198312235, "micro_f1": 0.2425629290617849, "weighted_precision": 0.3102884568449898, "weighted_recall": 0.22362869198312235, "weighted_f1": 0.23452996597730394, "anger_accuracy": 0.759493670886076, "anger_precision": 0.2, "anger_recall": 0.018518518518518517, "anger_f1": 0.03389830508474576, "joy_accuracy": 0.7383966244725738, "joy_precision": 0.47959183673469385, "joy_recall": 0.25824175824175827, "joy_f1": 0.33571428571428574, "sadness_accuracy": 0.510548523206751, "sadness_precision": 0.13898305084745763, "sadness_recall": 0.3037037037037037, "sadness_f1": 0.19069767441860463, "fear_accuracy": 0.5949367088607594, "fear_precision": 0.3541666666666667, "fear_recall": 0.29310344827586204, "fear_f1": 0.32075471698113206}