{"accuracy": 0.5724331926863573, "macro_precision": 0.6060470628993867, "macro_recall": 0.6629714421381088, "macro_f1": 0.6195641276286438, "micro_precision": 0.5816203143893591, "micro_recall": 0.6765119549929677, "micro_f1": 0.6254876462938882, "weighted_precision": 0.6118388466966833, "weighted_recall": 0.6765119549929677, "weighted_f1": 0.6299154419475639, "anger_accuracy": 0.849507735583685, "anger_precision": 0.7477477477477478, "anger_recall": 0.5123456790123457, "anger_f1": 0.6080586080586081, "joy_accuracy": 0.8649789029535865, "joy_precision": 0.7193877551020408, "joy_recall": 0.7747252747252747, "joy_f1": 0.746031746031746, "sadness_accuracy": 0.7538677918424754, "sadness_precision": 0.4029126213592233, "sadness_recall": 0.6148148148148148, "sadness_f1": 0.4868035190615836, "fear_accuracy": 0.7215189873417721, "fear_precision": 0.554140127388535, "fear_recall": 0.75, "fear_f1": 0.6373626373626372}