{"accuracy": 0.4050632911392405, "macro_precision": 0.48025476342623963, "macro_recall": 0.6071100515066032, "macro_f1": 0.5337472508259025, "micro_precision": 0.48630887185104055, "micro_recall": 0.6244725738396625, "micro_f1": 0.5467980295566502, "weighted_precision": 0.48702100481393995, "weighted_recall": 0.6244725738396625, "weighted_f1": 0.5451217297384271, "anger_accuracy": 0.7074542897327707, "anger_precision": 0.40336134453781514, "anger_recall": 0.5925925925925926, "anger_f1": 0.48, "joy_accuracy": 0.8354430379746836, "joy_precision": 0.6444444444444445, "joy_recall": 0.7967032967032966, "joy_f1": 0.7125307125307124, "sadness_accuracy": 0.7735583684950773, "sadness_precision": 0.4015151515151515, "sadness_recall": 0.3925925925925926, "sadness_f1": 0.39700374531835203, "fear_accuracy": 0.6483825597749648, "fear_precision": 0.4716981132075472, "fear_recall": 0.646551724137931, "fear_f1": 0.5454545454545454}