{"accuracy": 0.6976090014064698, "macro_precision": 0.6990430034830508, "macro_recall": 0.7734623454451041, "macro_f1": 0.7333469064158434, "micro_precision": 0.7047496790757382, "micro_recall": 0.7721518987341772, "micro_f1": 0.7369127516778523, "weighted_precision": 0.7079336016862462, "weighted_recall": 0.7721518987341772, "weighted_f1": 0.737605736817226, "anger_accuracy": 0.8720112517580872, "anger_precision": 0.6961325966850829, "anger_recall": 0.7777777777777778, "anger_f1": 0.7346938775510204, "joy_accuracy": 0.8874824191279888, "joy_precision": 0.7524752475247525, "joy_recall": 0.8351648351648352, "joy_f1": 0.7916666666666667, "sadness_accuracy": 0.8607594936708861, "sadness_precision": 0.608433734939759, "sadness_recall": 0.7481481481481481, "sadness_f1": 0.6710963455149502, "fear_accuracy": 0.8284106891701828, "fear_precision": 0.7391304347826086, "fear_recall": 0.7327586206896551, "fear_f1": 0.735930735930736}