{"accuracy": 0.38255977496483823, "macro_precision": 0.5408252192012359, "macro_recall": 0.4459528897028897, "macro_f1": 0.4758003710343861, "micro_precision": 0.529505582137161, "micro_recall": 0.4669479606188467, "micro_f1": 0.49626307922272045, "weighted_precision": 0.5455326920528056, "weighted_recall": 0.4669479606188467, "weighted_f1": 0.48899553462863227, "anger_accuracy": 0.7665260196905767, "anger_precision": 0.4875, "anger_recall": 0.48148148148148145, "anger_f1": 0.48447204968944096, "joy_accuracy": 0.7974683544303798, "joy_precision": 0.6938775510204082, "joy_recall": 0.37362637362637363, "joy_f1": 0.48571428571428577, "sadness_accuracy": 0.8016877637130801, "sadness_precision": 0.4659090909090909, "sadness_recall": 0.3037037037037037, "sadness_f1": 0.3677130044843049, "fear_accuracy": 0.6863572433192686, "fear_precision": 0.5160142348754448, "fear_recall": 0.625, "fear_f1": 0.5653021442495126}