{"accuracy": 0.8579465541490858, "macro_precision": 0.8634019166476073, "macro_recall": 0.903517571189985, "macro_f1": 0.8821817772948093, "micro_precision": 0.8586666666666667, "micro_recall": 0.9057665260196905, "micro_f1": 0.8815879534565366, "weighted_precision": 0.8613025344288814, "weighted_recall": 0.9057665260196905, "weighted_f1": 0.8820942200228941, "anger_accuracy": 0.9465541490857946, "anger_precision": 0.8924050632911392, "anger_recall": 0.8703703703703703, "anger_f1": 0.88125, "joy_accuracy": 0.9578059071729957, "joy_precision": 0.9175824175824175, "joy_recall": 0.9175824175824175, "joy_f1": 0.9175824175824175, "sadness_accuracy": 0.9465541490857946, "sadness_precision": 0.8299319727891157, "sadness_recall": 0.9037037037037037, "sadness_f1": 0.8652482269503546, "fear_accuracy": 0.9057665260196905, "fear_precision": 0.8136882129277566, "fear_recall": 0.9224137931034483, "fear_f1": 0.8646464646464647}