{"accuracy": 0.5147679324894515, "macro_precision": 0.5629601254145388, "macro_recall": 0.606470049214302, "macro_f1": 0.5823346601930821, "micro_precision": 0.5666666666666667, "micro_recall": 0.6216596343178622, "micro_f1": 0.5928906773977196, "weighted_precision": 0.5666088408787652, "weighted_recall": 0.6216596343178622, "weighted_f1": 0.5910900527120536, "anger_accuracy": 0.7946554149085795, "anger_precision": 0.5512820512820513, "anger_recall": 0.5308641975308642, "anger_f1": 0.5408805031446542, "joy_accuracy": 0.8213783403656821, "joy_precision": 0.6424870466321243, "joy_recall": 0.6813186813186813, "joy_f1": 0.6613333333333333, "sadness_accuracy": 0.8115330520393812, "sadness_precision": 0.5036496350364964, "sadness_recall": 0.5111111111111111, "sadness_f1": 0.5073529411764705, "fear_accuracy": 0.7187060478199718, "fear_precision": 0.5544217687074829, "fear_recall": 0.7025862068965517, "fear_f1": 0.6197718631178707}