{"accuracy": 0.8663853727144867, "macro_precision": 0.8729254194798448, "macro_recall": 0.9094956235760834, "macro_f1": 0.8902807804092308, "micro_precision": 0.8696236559139785, "micro_recall": 0.909985935302391, "micro_f1": 0.8893470790378007, "weighted_precision": 0.8711263395926973, "weighted_recall": 0.909985935302391, "weighted_f1": 0.8895774528644919, "anger_accuracy": 0.9437412095639943, "anger_precision": 0.8860759493670886, "anger_recall": 0.8641975308641975, "anger_f1": 0.8749999999999999, "joy_accuracy": 0.9634317862165963, "joy_precision": 0.9239130434782609, "joy_recall": 0.9340659340659341, "joy_f1": 0.9289617486338797, "sadness_accuracy": 0.9549929676511955, "sadness_precision": 0.8503401360544217, "sadness_recall": 0.9259259259259259, "sadness_f1": 0.8865248226950354, "fear_accuracy": 0.9113924050632911, "fear_precision": 0.8313725490196079, "fear_recall": 0.9137931034482759, "fear_f1": 0.8706365503080082}