{"accuracy": 0.0560625814863103, "macro_precision": 0.2910714285714286, "macro_recall": 0.056636170433340245, "macro_f1": 0.09331744280723873, "micro_precision": 0.8269230769230769, "micro_recall": 0.0560625814863103, "micro_f1": 0.105006105006105, "weighted_precision": 0.28226857887874834, "weighted_recall": 0.0560625814863103, "weighted_f1": 0.09205187413419862, "anger_accuracy": 0.8539765319426337, "anger_precision": 0.0, "anger_recall": 0.0, "anger_f1": 0.0, "disgust_accuracy": 0.8539765319426337, "disgust_precision": 0.0, "disgust_recall": 0.0, "disgust_f1": 0.0, "fear_accuracy": 0.878748370273794, "fear_precision": 0.9, "fear_recall": 0.23076923076923078, "fear_f1": 0.3673469387755102, "guilt_accuracy": 0.8722294654498044, "guilt_precision": 0.0, "guilt_recall": 0.0, "guilt_f1": 0.0, "joy_accuracy": 0.8930899608865711, "joy_precision": 0.9375, "joy_recall": 0.15625, "joy_f1": 0.26785714285714285, "sadness_accuracy": 0.8578878748370273, "sadness_precision": 0.2, "sadness_recall": 0.009433962264150943, "sadness_f1": 0.018018018018018018, "shame_accuracy": 0.834419817470665, "shame_precision": 0.0, "shame_recall": 0.0, "shame_f1": 0.0}