{"accuracy": 0.5749674054758801, "macro_precision": 0.6252522171024104, "macro_recall": 0.6604577845959483, "macro_f1": 0.6394181670617127, "micro_precision": 0.6167076167076168, "micro_recall": 0.6544980443285529, "micro_f1": 0.6350411132194814, "weighted_precision": 0.6209892744899211, "weighted_recall": 0.6544980443285529, "weighted_f1": 0.6342655085822231, "anger_accuracy": 0.8696219035202086, "anger_precision": 0.5526315789473685, "anger_recall": 0.5625, "anger_f1": 0.5575221238938053, "disgust_accuracy": 0.877444589308996, "disgust_precision": 0.5611510791366906, "disgust_recall": 0.7027027027027027, "disgust_f1": 0.624, "fear_accuracy": 0.910039113428944, "fear_precision": 0.6764705882352942, "fear_recall": 0.7863247863247863, "fear_f1": 0.7272727272727272, "guilt_accuracy": 0.8696219035202086, "guilt_precision": 0.4918032786885246, "guilt_recall": 0.6122448979591837, "guilt_f1": 0.5454545454545455, "joy_accuracy": 0.9608865710560626, "joy_precision": 0.8666666666666667, "joy_recall": 0.8125, "joy_f1": 0.8387096774193549, "sadness_accuracy": 0.9139504563233377, "sadness_precision": 0.6851851851851852, "sadness_recall": 0.6981132075471698, "sadness_f1": 0.6915887850467289, "shame_accuracy": 0.8461538461538461, "shame_precision": 0.5428571428571428, "shame_recall": 0.44881889763779526, "shame_f1": 0.49137931034482757}