{"accuracy": 0.5788787483702738, "macro_precision": 0.626190079836954, "macro_recall": 0.6667875620843006, "macro_f1": 0.6418105788632043, "micro_precision": 0.6091127098321343, "micro_recall": 0.6623207301173403, "micro_f1": 0.6346033728919425, "weighted_precision": 0.6215477134791684, "weighted_recall": 0.6623207301173403, "weighted_f1": 0.6371789432310833, "anger_accuracy": 0.8670143415906127, "anger_precision": 0.5384615384615384, "anger_recall": 0.625, "anger_f1": 0.578512396694215, "disgust_accuracy": 0.8448500651890483, "disgust_precision": 0.475, "disgust_recall": 0.6846846846846847, "disgust_f1": 0.5608856088560886, "fear_accuracy": 0.9087353324641461, "fear_precision": 0.674074074074074, "fear_recall": 0.7777777777777778, "fear_f1": 0.7222222222222222, "guilt_accuracy": 0.8800521512385919, "guilt_precision": 0.5272727272727272, "guilt_recall": 0.5918367346938775, "guilt_f1": 0.5576923076923076, "joy_accuracy": 0.9621903520208605, "joy_precision": 0.8602150537634409, "joy_recall": 0.8333333333333334, "joy_f1": 0.8465608465608465, "sadness_accuracy": 0.9204693611473272, "sadness_precision": 0.7419354838709677, "sadness_recall": 0.6509433962264151, "sadness_f1": 0.693467336683417, "shame_accuracy": 0.8539765319426337, "shame_precision": 0.5663716814159292, "shame_recall": 0.5039370078740157, "shame_f1": 0.5333333333333333}