{"accuracy": 0.03780964797913951, "macro_precision": 0.05835010060362173, "macro_recall": 0.03732303732303732, "macro_f1": 0.04552590266875981, "micro_precision": 0.3815789473684211, "micro_recall": 0.03780964797913951, "micro_f1": 0.06880189798339265, "weighted_precision": 0.05911085810823219, "weighted_recall": 0.03780964797913951, "weighted_f1": 0.046119460721807524, "anger_accuracy": 0.8539765319426337, "anger_precision": 0.0, "anger_recall": 0.0, "anger_f1": 0.0, "disgust_accuracy": 0.8383311603650587, "disgust_precision": 0.4084507042253521, "disgust_recall": 0.26126126126126126, "disgust_f1": 0.31868131868131866, "fear_accuracy": 0.847457627118644, "fear_precision": 0.0, "fear_recall": 0.0, "fear_f1": 0.0, "guilt_accuracy": 0.8722294654498044, "guilt_precision": 0.0, "guilt_recall": 0.0, "guilt_f1": 0.0, "joy_accuracy": 0.8748370273794003, "joy_precision": 0.0, "joy_recall": 0.0, "joy_f1": 0.0, "sadness_accuracy": 0.8552803129074316, "sadness_precision": 0.0, "sadness_recall": 0.0, "sadness_f1": 0.0, "shame_accuracy": 0.834419817470665, "shame_precision": 0.0, "shame_recall": 0.0, "shame_f1": 0.0}