{"accuracy": 0.005215123859191656, "macro_precision": 0.05714285714285715, "macro_recall": 0.004884004884004885, "macro_f1": 0.008998875140607427, "micro_precision": 0.4, "micro_recall": 0.005215123859191656, "micro_f1": 0.010296010296010296, "weighted_precision": 0.061016949152542375, "weighted_recall": 0.005215123859191656, "weighted_f1": 0.009608968370479115, "anger_accuracy": 0.8539765319426337, "anger_precision": 0.0, "anger_recall": 0.0, "anger_f1": 0.0, "disgust_accuracy": 0.8552803129074316, "disgust_precision": 0.0, "disgust_recall": 0.0, "disgust_f1": 0.0, "fear_accuracy": 0.8448500651890483, "fear_precision": 0.4, "fear_recall": 0.03418803418803419, "fear_f1": 0.06299212598425198, "guilt_accuracy": 0.8722294654498044, "guilt_precision": 0.0, "guilt_recall": 0.0, "guilt_f1": 0.0, "joy_accuracy": 0.8748370273794003, "joy_precision": 0.0, "joy_recall": 0.0, "joy_f1": 0.0, "sadness_accuracy": 0.8617992177314211, "sadness_precision": 0.0, "sadness_recall": 0.0, "sadness_f1": 0.0, "shame_accuracy": 0.834419817470665, "shame_precision": 0.0, "shame_recall": 0.0, "shame_f1": 0.0}