{"accuracy": 0.1290743155149935, "macro_precision": 0.4847660276231705, "macro_recall": 0.14102581733502026, "macro_f1": 0.2042658971029318, "micro_precision": 0.792, "micro_recall": 0.1290743155149935, "micro_f1": 0.2219730941704036, "weighted_precision": 0.45951186290169344, "weighted_recall": 0.1290743155149935, "weighted_f1": 0.18762167494987828, "anger_accuracy": 0.8604954367666232, "anger_precision": 1.0, "anger_recall": 0.044642857142857144, "anger_f1": 0.08547008547008547, "disgust_accuracy": 0.8552803129074316, "disgust_precision": 0.0, "disgust_recall": 0.0, "disgust_f1": 0.0, "fear_accuracy": 0.847457627118644, "fear_precision": 0.0, "fear_recall": 0.0, "fear_f1": 0.0, "guilt_accuracy": 0.8891786179921773, "guilt_precision": 0.6444444444444445, "guilt_recall": 0.29591836734693877, "guilt_f1": 0.40559440559440557, "joy_accuracy": 0.9087353324641461, "joy_precision": 0.8095238095238095, "joy_recall": 0.3541666666666667, "joy_f1": 0.4927536231884058, "sadness_accuracy": 0.8996088657105606, "sadness_precision": 0.9393939393939394, "sadness_recall": 0.29245283018867924, "sadness_f1": 0.4460431654676259, "shame_accuracy": 0.834419817470665, "shame_precision": 0.0, "shame_recall": 0.0, "shame_f1": 0.0}