{"accuracy": 0.024771838331160364, "macro_precision": 0.25396825396825395, "macro_recall": 0.024577784781866414, "macro_f1": 0.04338870431893688, "micro_precision": 0.6785714285714286, "micro_recall": 0.024771838331160364, "micro_f1": 0.047798742138364776, "weighted_precision": 0.24945675793133418, "weighted_recall": 0.024771838331160364, "weighted_f1": 0.0437023336668587, "anger_accuracy": 0.8539765319426337, "anger_precision": 0.5, "anger_recall": 0.03571428571428571, "anger_f1": 0.06666666666666667, "disgust_accuracy": 0.8683181225554107, "disgust_precision": 0.7777777777777778, "disgust_recall": 0.12612612612612611, "disgust_f1": 0.21705426356589147, "fear_accuracy": 0.847457627118644, "fear_precision": 0.0, "fear_recall": 0.0, "fear_f1": 0.0, "guilt_accuracy": 0.8722294654498044, "guilt_precision": 0.5, "guilt_recall": 0.01020408163265306, "guilt_f1": 0.019999999999999997, "joy_accuracy": 0.8748370273794003, "joy_precision": 0.0, "joy_recall": 0.0, "joy_f1": 0.0, "sadness_accuracy": 0.8617992177314211, "sadness_precision": 0.0, "sadness_recall": 0.0, "sadness_f1": 0.0, "shame_accuracy": 0.834419817470665, "shame_precision": 0.0, "shame_recall": 0.0, "shame_f1": 0.0}