{"accuracy": 0.33376792698826596, "macro_precision": 0.7425035531347824, "macro_recall": 0.3457117820465596, "macro_f1": 0.4421644956205816, "micro_precision": 0.7021857923497268, "micro_recall": 0.3350717079530639, "micro_f1": 0.4536628420123566, "weighted_precision": 0.7514584822125527, "weighted_recall": 0.3350717079530639, "weighted_f1": 0.43340238296541533, "anger_accuracy": 0.8709256844850065, "anger_precision": 0.6181818181818182, "anger_recall": 0.30357142857142855, "anger_f1": 0.4071856287425149, "disgust_accuracy": 0.863102998696219, "disgust_precision": 0.6153846153846154, "disgust_recall": 0.14414414414414414, "disgust_f1": 0.23357664233576642, "fear_accuracy": 0.9048239895697523, "fear_precision": 0.8666666666666667, "fear_recall": 0.4444444444444444, "fear_f1": 0.5875706214689266, "guilt_accuracy": 0.8657105606258149, "guilt_precision": 0.4725274725274725, "guilt_recall": 0.4387755102040816, "guilt_f1": 0.455026455026455, "joy_accuracy": 0.9348109517601043, "joy_precision": 0.8108108108108109, "joy_recall": 0.625, "joy_f1": 0.7058823529411764, "sadness_accuracy": 0.8970013037809648, "sadness_precision": 0.813953488372093, "sadness_recall": 0.330188679245283, "sadness_f1": 0.46979865771812085, "shame_accuracy": 0.8565840938722294, "shame_precision": 1.0, "shame_recall": 0.13385826771653545, "shame_f1": 0.23611111111111113}