{"accuracy": 0.5189048239895697, "macro_precision": 0.6067958522539708, "macro_recall": 0.5731272592152158, "macro_f1": 0.575089348485989, "micro_precision": 0.5907230559345157, "micro_recall": 0.5645371577574967, "micro_f1": 0.5773333333333334, "weighted_precision": 0.6093105575020522, "weighted_recall": 0.5645371577574967, "weighted_f1": 0.5705868414908997, "anger_accuracy": 0.8552803129074316, "anger_precision": 0.5063291139240507, "anger_recall": 0.35714285714285715, "anger_f1": 0.418848167539267, "disgust_accuracy": 0.8800521512385919, "disgust_precision": 0.584070796460177, "disgust_recall": 0.5945945945945946, "disgust_f1": 0.5892857142857143, "fear_accuracy": 0.8878748370273793, "fear_precision": 0.6131386861313869, "fear_recall": 0.717948717948718, "fear_f1": 0.6614173228346457, "guilt_accuracy": 0.834419817470665, "guilt_precision": 0.3971631205673759, "guilt_recall": 0.5714285714285714, "guilt_f1": 0.4686192468619247, "joy_accuracy": 0.9439374185136897, "joy_precision": 0.7731958762886598, "joy_recall": 0.78125, "joy_f1": 0.7772020725388602, "sadness_accuracy": 0.9022164276401564, "sadness_precision": 0.6448598130841121, "sadness_recall": 0.6509433962264151, "sadness_f1": 0.647887323943662, "shame_accuracy": 0.8696219035202086, "shame_precision": 0.7288135593220338, "shame_recall": 0.33858267716535434, "shame_f1": 0.46236559139784944}