{"accuracy": 0.005215123859191656, "macro_precision": 0.14285714285714285, "macro_recall": 0.005952380952380952, "macro_f1": 0.011428571428571427, "micro_precision": 0.8, "micro_recall": 0.005215123859191656, "micro_f1": 0.010362694300518133, "weighted_precision": 0.12516297262059975, "weighted_recall": 0.005215123859191656, "weighted_f1": 0.010013037809647978, "anger_accuracy": 0.8539765319426337, "anger_precision": 0.0, "anger_recall": 0.0, "anger_f1": 0.0, "disgust_accuracy": 0.8552803129074316, "disgust_precision": 0.0, "disgust_recall": 0.0, "disgust_f1": 0.0, "fear_accuracy": 0.847457627118644, "fear_precision": 0.0, "fear_recall": 0.0, "fear_f1": 0.0, "guilt_accuracy": 0.8709256844850065, "guilt_precision": 0.0, "guilt_recall": 0.0, "guilt_f1": 0.0, "joy_accuracy": 0.8800521512385919, "joy_precision": 1.0, "joy_recall": 0.041666666666666664, "joy_f1": 0.07999999999999999, "sadness_accuracy": 0.8617992177314211, "sadness_precision": 0.0, "sadness_recall": 0.0, "sadness_f1": 0.0, "shame_accuracy": 0.834419817470665, "shame_precision": 0.0, "shame_recall": 0.0, "shame_f1": 0.0}