{"accuracy": 0.4667535853976532, "macro_precision": 0.7235070474196197, "macro_recall": 0.4838775518584937, "macro_f1": 0.5472149101568744, "micro_precision": 0.690566037735849, "micro_recall": 0.4771838331160365, "micro_f1": 0.5643793369313801, "weighted_precision": 0.7174711160134764, "weighted_recall": 0.4771838331160365, "weighted_f1": 0.5397457667373801, "anger_accuracy": 0.8813559322033898, "anger_precision": 0.6981132075471698, "anger_recall": 0.33035714285714285, "anger_f1": 0.44848484848484843, "disgust_accuracy": 0.8709256844850065, "disgust_precision": 0.5576923076923077, "disgust_recall": 0.5225225225225225, "disgust_f1": 0.5395348837209303, "fear_accuracy": 0.8852672750977836, "fear_precision": 0.6013986013986014, "fear_recall": 0.7350427350427351, "fear_f1": 0.6615384615384616, "guilt_accuracy": 0.9022164276401564, "guilt_precision": 0.8709677419354839, "guilt_recall": 0.2755102040816326, "guilt_f1": 0.41860465116279066, "joy_accuracy": 0.9530638852672751, "joy_precision": 0.8333333333333334, "joy_recall": 0.78125, "joy_f1": 0.8064516129032259, "sadness_accuracy": 0.9152542372881356, "sadness_precision": 0.7808219178082192, "sadness_recall": 0.5377358490566038, "sadness_f1": 0.6368715083798883, "shame_accuracy": 0.8552803129074316, "shame_precision": 0.7222222222222222, "shame_recall": 0.2047244094488189, "shame_f1": 0.31901840490797545}