{"accuracy": 0.6779661016949152, "macro_precision": 0.6933359570702288, "macro_recall": 0.7528786464085068, "macro_f1": 0.7205126682472639, "micro_precision": 0.6903614457831325, "micro_recall": 0.7470664928292047, "micro_f1": 0.71759549154665, "weighted_precision": 0.6919032243964026, "weighted_recall": 0.7470664928292047, "weighted_f1": 0.7170541042321037, "anger_accuracy": 0.8917861799217731, "anger_precision": 0.6141732283464567, "anger_recall": 0.6964285714285714, "anger_f1": 0.6527196652719666, "disgust_accuracy": 0.9139504563233377, "disgust_precision": 0.7064220183486238, "disgust_recall": 0.6936936936936937, "disgust_f1": 0.7, "fear_accuracy": 0.9335071707953064, "fear_precision": 0.7946428571428571, "fear_recall": 0.7606837606837606, "fear_f1": 0.7772925764192139, "guilt_accuracy": 0.9113428943937418, "guilt_precision": 0.631578947368421, "guilt_recall": 0.7346938775510204, "guilt_f1": 0.6792452830188679, "joy_accuracy": 0.9582790091264668, "joy_precision": 0.7857142857142857, "joy_recall": 0.9166666666666666, "joy_f1": 0.8461538461538461, "sadness_accuracy": 0.9256844850065189, "sadness_precision": 0.6929133858267716, "sadness_recall": 0.8301886792452831, "sadness_f1": 0.7553648068669528, "shame_accuracy": 0.877444589308996, "shame_precision": 0.627906976744186, "shame_recall": 0.6377952755905512, "shame_f1": 0.6328125}