{"accuracy": 0.3546284224250326, "macro_precision": 0.7167504826521467, "macro_recall": 0.3668390759034605, "macro_f1": 0.4548116142659274, "micro_precision": 0.6892230576441103, "micro_recall": 0.35853976531942633, "micro_f1": 0.47169811320754723, "weighted_precision": 0.7192739758642274, "weighted_recall": 0.35853976531942633, "weighted_f1": 0.448247868419458, "anger_accuracy": 0.8683181225554107, "anger_precision": 0.6170212765957447, "anger_recall": 0.25892857142857145, "anger_f1": 0.36477987421383645, "disgust_accuracy": 0.8800521512385919, "disgust_precision": 0.7878787878787878, "disgust_recall": 0.23423423423423423, "disgust_f1": 0.36111111111111105, "fear_accuracy": 0.8904823989569752, "fear_precision": 0.7391304347826086, "fear_recall": 0.4358974358974359, "fear_f1": 0.5483870967741935, "guilt_accuracy": 0.8956975228161669, "guilt_precision": 0.78125, "guilt_recall": 0.25510204081632654, "guilt_f1": 0.38461538461538464, "joy_accuracy": 0.9126466753585397, "joy_precision": 0.6629213483146067, "joy_recall": 0.6145833333333334, "joy_f1": 0.6378378378378379, "sadness_accuracy": 0.894393741851369, "sadness_precision": 0.6213592233009708, "sadness_recall": 0.6037735849056604, "sadness_f1": 0.6124401913875597, "shame_accuracy": 0.8552803129074316, "shame_precision": 0.8076923076923077, "shame_recall": 0.16535433070866143, "shame_f1": 0.27450980392156865}