{"accuracy": 0.6844850065189049, "macro_precision": 0.7015443608154913, "macro_recall": 0.7609391327473253, "macro_f1": 0.7294609213515135, "micro_precision": 0.6983173076923077, "micro_recall": 0.757496740547588, "micro_f1": 0.7267041901188243, "weighted_precision": 0.6987876647278027, "weighted_recall": 0.757496740547588, "weighted_f1": 0.7264065773682818, "anger_accuracy": 0.8917861799217731, "anger_precision": 0.616, "anger_recall": 0.6875, "anger_f1": 0.6497890295358649, "disgust_accuracy": 0.9113428943937418, "disgust_precision": 0.6869565217391305, "disgust_recall": 0.7117117117117117, "disgust_f1": 0.6991150442477877, "fear_accuracy": 0.940026075619296, "fear_precision": 0.7983193277310925, "fear_recall": 0.811965811965812, "fear_f1": 0.8050847457627118, "guilt_accuracy": 0.9178617992177314, "guilt_precision": 0.6767676767676768, "guilt_recall": 0.6836734693877551, "guilt_f1": 0.6802030456852791, "joy_accuracy": 0.9647979139504563, "joy_precision": 0.8053097345132744, "joy_recall": 0.9479166666666666, "joy_f1": 0.8708133971291866, "sadness_accuracy": 0.9256844850065189, "sadness_precision": 0.7094017094017094, "sadness_recall": 0.7830188679245284, "sadness_f1": 0.7443946188340809, "shame_accuracy": 0.878748370273794, "shame_precision": 0.6180555555555556, "shame_recall": 0.7007874015748031, "shame_f1": 0.6568265682656828}