{"accuracy": 0.336, "macro_precision": 0.7773444611338144, "macro_recall": 0.9264799718785776, "macro_f1": 0.8446622889524984, "micro_precision": 0.788135593220339, "micro_recall": 0.9337349397590361, "micro_f1": 0.854779411764706, "weighted_precision": 0.7922800601280126, "weighted_recall": 0.9337349397590361, "weighted_f1": 0.8565689076683138, "anger_accuracy": 0.824, "anger_precision": 0.7865168539325843, "anger_recall": 0.958904109589041, "anger_f1": 0.8641975308641975, "disgust_accuracy": 0.712, "disgust_precision": 0.6410256410256411, "disgust_recall": 0.8620689655172413, "disgust_f1": 0.7352941176470588, "fear_accuracy": 0.768, "fear_precision": 0.7864077669902912, "fear_recall": 0.9204545454545454, "fear_f1": 0.8481675392670156, "joy_accuracy": 0.752, "joy_precision": 0.75, "joy_recall": 0.8961038961038961, "joy_f1": 0.8165680473372781, "sadness_accuracy": 0.776, "sadness_precision": 0.7961165048543689, "sadness_recall": 0.9213483146067416, "sadness_f1": 0.8541666666666666, "surprise_accuracy": 0.904, "surprise_precision": 0.904, "surprise_recall": 1.0, "surprise_f1": 0.9495798319327732}