{"accuracy": 0.248, "macro_precision": 0.7460864135864136, "macro_recall": 0.9448903171128417, "macro_f1": 0.8301848620749386, "micro_precision": 0.751188589540412, "micro_recall": 0.9518072289156626, "micro_f1": 0.8396811337466784, "weighted_precision": 0.7652764083306253, "weighted_recall": 0.9518072289156626, "weighted_f1": 0.8448865461248436, "anger_accuracy": 0.8, "anger_precision": 0.7727272727272727, "anger_recall": 0.9315068493150684, "anger_f1": 0.84472049689441, "disgust_accuracy": 0.664, "disgust_precision": 0.5952380952380952, "disgust_recall": 0.8620689655172413, "disgust_f1": 0.7042253521126761, "fear_accuracy": 0.784, "fear_precision": 0.7904761904761904, "fear_recall": 0.9431818181818182, "fear_f1": 0.8601036269430051, "joy_accuracy": 0.616, "joy_precision": 0.616, "joy_recall": 1.0, "joy_f1": 0.7623762376237623, "sadness_accuracy": 0.784, "sadness_precision": 0.7980769230769231, "sadness_recall": 0.9325842696629213, "sadness_f1": 0.8601036269430051, "surprise_accuracy": 0.904, "surprise_precision": 0.904, "surprise_recall": 1.0, "surprise_f1": 0.9495798319327732}