{"accuracy": 0.152, "macro_precision": 0.6656140350877192, "macro_recall": 0.9885057471264368, "macro_f1": 0.7892172607368741, "micro_precision": 0.6684709066305818, "micro_recall": 0.9919678714859438, "micro_f1": 0.7987065481002426, "weighted_precision": 0.6927905305432255, "weighted_recall": 0.9919678714859438, "weighted_f1": 0.8092249622319888, "anger_accuracy": 0.584, "anger_precision": 0.584, "anger_recall": 1.0, "anger_f1": 0.7373737373737373, "disgust_accuracy": 0.488, "disgust_precision": 0.47368421052631576, "disgust_recall": 0.9310344827586207, "disgust_f1": 0.627906976744186, "fear_accuracy": 0.704, "fear_precision": 0.704, "fear_recall": 1.0, "fear_f1": 0.8262910798122065, "joy_accuracy": 0.616, "joy_precision": 0.616, "joy_recall": 1.0, "joy_f1": 0.7623762376237623, "sadness_accuracy": 0.712, "sadness_precision": 0.712, "sadness_recall": 1.0, "sadness_f1": 0.8317757009345794, "surprise_accuracy": 0.904, "surprise_precision": 0.904, "surprise_recall": 1.0, "surprise_f1": 0.9495798319327732}