{"accuracy": 0.168, "macro_precision": 0.6685632183908045, "macro_recall": 0.9971264367816092, "macro_f1": 0.793761500245027, "micro_precision": 0.6707152496626181, "micro_recall": 0.9979919678714859, "micro_f1": 0.8022598870056497, "weighted_precision": 0.6948514056224899, "weighted_recall": 0.9979919678714859, "weighted_f1": 0.8124004549003366, "anger_accuracy": 0.584, "anger_precision": 0.584, "anger_recall": 1.0, "anger_f1": 0.7373737373737373, "disgust_accuracy": 0.52, "disgust_precision": 0.49137931034482757, "disgust_recall": 0.9827586206896551, "disgust_f1": 0.6551724137931034, "fear_accuracy": 0.704, "fear_precision": 0.704, "fear_recall": 1.0, "fear_f1": 0.8262910798122065, "joy_accuracy": 0.616, "joy_precision": 0.616, "joy_recall": 1.0, "joy_f1": 0.7623762376237623, "sadness_accuracy": 0.712, "sadness_precision": 0.712, "sadness_recall": 1.0, "sadness_f1": 0.8317757009345794, "surprise_accuracy": 0.904, "surprise_precision": 0.904, "surprise_recall": 1.0, "surprise_f1": 0.9495798319327732}