{"accuracy": 0.136, "macro_precision": 0.7202777609069745, "macro_recall": 0.9541017162651552, "macro_f1": 0.8177497866854208, "micro_precision": 0.7254901960784313, "micro_recall": 0.9658634538152611, "micro_f1": 0.8285960378983634, "weighted_precision": 0.7364123191825912, "weighted_recall": 0.9658634538152611, "weighted_f1": 0.8322396320353638, "anger_accuracy": 0.792, "anger_precision": 0.7640449438202247, "anger_recall": 0.9315068493150684, "anger_f1": 0.8395061728395061, "disgust_accuracy": 0.68, "disgust_precision": 0.6216216216216216, "disgust_recall": 0.7931034482758621, "disgust_f1": 0.696969696969697, "fear_accuracy": 0.704, "fear_precision": 0.704, "fear_recall": 1.0, "fear_f1": 0.8262910798122065, "joy_accuracy": 0.616, "joy_precision": 0.616, "joy_recall": 1.0, "joy_f1": 0.7623762376237623, "sadness_accuracy": 0.712, "sadness_precision": 0.712, "sadness_recall": 1.0, "sadness_f1": 0.8317757009345794, "surprise_accuracy": 0.904, "surprise_precision": 0.904, "surprise_recall": 1.0, "surprise_f1": 0.9495798319327732}