{"accuracy": 0.192, "macro_precision": 0.7316970585802065, "macro_recall": 0.9791720344684446, "macro_f1": 0.834719480995739, "micro_precision": 0.7357357357357357, "micro_recall": 0.9839357429718876, "micro_f1": 0.8419243986254296, "weighted_precision": 0.7472932044053564, "weighted_recall": 0.9839357429718876, "weighted_f1": 0.8462816106805079, "anger_accuracy": 0.8, "anger_precision": 0.7553191489361702, "anger_recall": 0.9726027397260274, "anger_f1": 0.8502994011976047, "disgust_accuracy": 0.728, "disgust_precision": 0.6463414634146342, "disgust_recall": 0.9137931034482759, "disgust_f1": 0.7571428571428572, "fear_accuracy": 0.768, "fear_precision": 0.7565217391304347, "fear_recall": 0.9886363636363636, "fear_f1": 0.8571428571428571, "joy_accuracy": 0.616, "joy_precision": 0.616, "joy_recall": 1.0, "joy_f1": 0.7623762376237623, "sadness_accuracy": 0.712, "sadness_precision": 0.712, "sadness_recall": 1.0, "sadness_f1": 0.8317757009345794, "surprise_accuracy": 0.904, "surprise_precision": 0.904, "surprise_recall": 1.0, "surprise_f1": 0.9495798319327732}