{"accuracy": 0.152, "macro_precision": 0.663279569892473, "macro_recall": 0.9971264367816092, "macro_f1": 0.7889617023417809, "micro_precision": 0.6635514018691588, "micro_recall": 0.9979919678714859, "micro_f1": 0.7971130713712911, "weighted_precision": 0.6911592175152221, "weighted_recall": 0.9979919678714859, "weighted_f1": 0.8090463792571043, "anger_accuracy": 0.584, "anger_precision": 0.584, "anger_recall": 1.0, "anger_f1": 0.7373737373737373, "disgust_accuracy": 0.456, "disgust_precision": 0.4596774193548387, "disgust_recall": 0.9827586206896551, "disgust_f1": 0.6263736263736264, "fear_accuracy": 0.704, "fear_precision": 0.704, "fear_recall": 1.0, "fear_f1": 0.8262910798122065, "joy_accuracy": 0.616, "joy_precision": 0.616, "joy_recall": 1.0, "joy_f1": 0.7623762376237623, "sadness_accuracy": 0.712, "sadness_precision": 0.712, "sadness_recall": 1.0, "sadness_f1": 0.8317757009345794, "surprise_accuracy": 0.904, "surprise_precision": 0.904, "surprise_recall": 1.0, "surprise_f1": 0.9495798319327732}