{"accuracy": 0.192, "macro_precision": 0.7229937663524697, "macro_recall": 0.9658917108917242, "macro_f1": 0.8237484020408261, "micro_precision": 0.7300150829562594, "micro_recall": 0.9718875502008032, "micro_f1": 0.8337639965546942, "weighted_precision": 0.7435888288582104, "weighted_recall": 0.9718875502008032, "weighted_f1": 0.8391145035207578, "anger_accuracy": 0.736, "anger_precision": 0.696078431372549, "anger_recall": 0.9726027397260274, "anger_f1": 0.8114285714285714, "disgust_accuracy": 0.656, "disgust_precision": 0.5862068965517241, "disgust_recall": 0.8793103448275862, "disgust_f1": 0.7034482758620689, "fear_accuracy": 0.768, "fear_precision": 0.7657657657657657, "fear_recall": 0.9659090909090909, "fear_f1": 0.8542713567839195, "joy_accuracy": 0.616, "joy_precision": 0.616, "joy_recall": 1.0, "joy_f1": 0.7623762376237623, "sadness_accuracy": 0.776, "sadness_precision": 0.7699115044247787, "sadness_recall": 0.9775280898876404, "sadness_f1": 0.8613861386138614, "surprise_accuracy": 0.904, "surprise_precision": 0.904, "surprise_recall": 1.0, "surprise_f1": 0.9495798319327732}