{"accuracy": 0.256, "macro_precision": 0.7518267276634883, "macro_recall": 0.923114678957893, "macro_f1": 0.8273352322966173, "micro_precision": 0.7622950819672131, "micro_recall": 0.9337349397590361, "micro_f1": 0.8393501805054152, "weighted_precision": 0.7689002655773346, "weighted_recall": 0.9337349397590361, "weighted_f1": 0.8419014268760189, "anger_accuracy": 0.792, "anger_precision": 0.7640449438202247, "anger_recall": 0.9315068493150684, "anger_f1": 0.8395061728395061, "disgust_accuracy": 0.68, "disgust_precision": 0.6216216216216216, "disgust_recall": 0.7931034482758621, "disgust_f1": 0.696969696969697, "fear_accuracy": 0.744, "fear_precision": 0.7641509433962265, "fear_recall": 0.9204545454545454, "fear_f1": 0.8350515463917526, "joy_accuracy": 0.68, "joy_precision": 0.6666666666666666, "joy_recall": 0.961038961038961, "joy_f1": 0.7872340425531914, "sadness_accuracy": 0.776, "sadness_precision": 0.7904761904761904, "sadness_recall": 0.9325842696629213, "sadness_f1": 0.8556701030927835, "surprise_accuracy": 0.904, "surprise_precision": 0.904, "surprise_recall": 1.0, "surprise_f1": 0.9495798319327732}