{"accuracy": 0.304, "macro_precision": 0.7580407593278901, "macro_recall": 0.9494192081556675, "macro_f1": 0.8408748245805969, "micro_precision": 0.7673667205169629, "micro_recall": 0.9538152610441767, "micro_f1": 0.8504923903312444, "weighted_precision": 0.7763234673879703, "weighted_recall": 0.9538152610441767, "weighted_f1": 0.8540233180007749, "anger_accuracy": 0.784, "anger_precision": 0.7446808510638298, "anger_recall": 0.958904109589041, "anger_f1": 0.8383233532934131, "disgust_accuracy": 0.68, "disgust_precision": 0.6022727272727273, "disgust_recall": 0.9137931034482759, "disgust_f1": 0.7260273972602739, "fear_accuracy": 0.784, "fear_precision": 0.7904761904761904, "fear_recall": 0.9431818181818182, "fear_f1": 0.8601036269430051, "joy_accuracy": 0.728, "joy_precision": 0.7087378640776699, "joy_recall": 0.948051948051948, "joy_f1": 0.811111111111111, "sadness_accuracy": 0.784, "sadness_precision": 0.7980769230769231, "sadness_recall": 0.9325842696629213, "sadness_f1": 0.8601036269430051, "surprise_accuracy": 0.904, "surprise_precision": 0.904, "surprise_recall": 1.0, "surprise_f1": 0.9495798319327732}