{"accuracy": 0.328, "macro_precision": 0.7723704570362253, "macro_recall": 0.9347343069084005, "macro_f1": 0.8450155635120001, "micro_precision": 0.7816666666666666, "micro_recall": 0.9417670682730924, "micro_f1": 0.8542805100182149, "weighted_precision": 0.7864030436487813, "weighted_recall": 0.9417670682730924, "weighted_f1": 0.8563100432001458, "anger_accuracy": 0.824, "anger_precision": 0.8, "anger_recall": 0.9315068493150684, "anger_f1": 0.8607594936708861, "disgust_accuracy": 0.728, "disgust_precision": 0.6538461538461539, "disgust_recall": 0.8793103448275862, "disgust_f1": 0.7499999999999999, "fear_accuracy": 0.728, "fear_precision": 0.75, "fear_recall": 0.9204545454545454, "fear_f1": 0.826530612244898, "joy_accuracy": 0.736, "joy_precision": 0.7244897959183674, "joy_recall": 0.922077922077922, "joy_f1": 0.8114285714285714, "sadness_accuracy": 0.8, "sadness_precision": 0.8018867924528302, "sadness_recall": 0.9550561797752809, "sadness_f1": 0.8717948717948718, "surprise_accuracy": 0.904, "surprise_precision": 0.904, "surprise_recall": 1.0, "surprise_f1": 0.9495798319327732}