{"accuracy": 0.16, "macro_precision": 0.6639024390243903, "macro_recall": 0.9971264367816092, "macro_f1": 0.7895384736367842, "micro_precision": 0.6644385026737968, "micro_recall": 0.9979919678714859, "micro_f1": 0.797752808988764, "weighted_precision": 0.6915944754628269, "weighted_recall": 0.9979919678714859, "weighted_f1": 0.8094494242584319, "anger_accuracy": 0.584, "anger_precision": 0.584, "anger_recall": 1.0, "anger_f1": 0.7373737373737373, "disgust_accuracy": 0.464, "disgust_precision": 0.4634146341463415, "disgust_recall": 0.9827586206896551, "disgust_f1": 0.6298342541436464, "fear_accuracy": 0.704, "fear_precision": 0.704, "fear_recall": 1.0, "fear_f1": 0.8262910798122065, "joy_accuracy": 0.616, "joy_precision": 0.616, "joy_recall": 1.0, "joy_f1": 0.7623762376237623, "sadness_accuracy": 0.712, "sadness_precision": 0.712, "sadness_recall": 1.0, "sadness_f1": 0.8317757009345794, "surprise_accuracy": 0.904, "surprise_precision": 0.904, "surprise_recall": 1.0, "surprise_f1": 0.9495798319327732}