{"accuracy": 0.708863091947669, "macro_precision": 0.7282913529134872, "macro_recall": 0.7557201264709927, "macro_f1": 0.7402383415444864, "micro_precision": 0.7604498908846735, "micro_recall": 0.807774607703281, "micro_f1": 0.7833981841763943, "weighted_precision": 0.7548412668249093, "weighted_recall": 0.807774607703281, "weighted_f1": 0.7791627565000129, "neutral_accuracy": 0.7661691542288557, "neutral_precision": 0.6550898203592814, "neutral_recall": 0.6121992165640738, "neutral_f1": 0.6329187156494069, "non-neutral_accuracy": 0.7722498618021006, "non-neutral_precision": 0.801492885467693, "non-neutral_recall": 0.8992410363779115, "non-neutral_f1": 0.8475579674395659}