{"accuracy": 0.5590565690068178, "macro_precision": 0.5833214057369513, "macro_recall": 0.6579341571404272, "macro_f1": 0.6178677014346834, "micro_precision": 0.6474908200734394, "micro_recall": 0.7180183237190363, "micro_f1": 0.6809332260659695, "weighted_precision": 0.6501869880326165, "weighted_recall": 0.7180183237190363, "weighted_f1": 0.6819522556522761, "anger_accuracy": 0.8669614888520362, "anger_precision": 0.5024096385542168, "anger_recall": 0.5743801652892562, "anger_f1": 0.5359897172236504, "disgust_accuracy": 0.9758614335728764, "disgust_precision": 0.4701492537313433, "disgust_recall": 0.5121951219512195, "disgust_f1": 0.490272373540856, "fear_accuracy": 0.9867330016583747, "fear_precision": 0.6120689655172413, "fear_recall": 0.7244897959183674, "fear_f1": 0.6635514018691588, "joy_accuracy": 0.8531416989128432, "joy_precision": 0.7827780181739507, "joy_recall": 0.8597908745247148, "joy_f1": 0.8194790486976217, "neutral_accuracy": 0.7652478348995762, "neutral_precision": 0.6366542354821524, "neutral_recall": 0.6687185226636821, "neutral_f1": 0.652292576419214, "sadness_accuracy": 0.9386401326699834, "sadness_precision": 0.5558252427184466, "sadness_recall": 0.604221635883905, "sadness_f1": 0.5790139064475347, "surprise_accuracy": 0.8826239174497881, "surprise_precision": 0.5233644859813084, "surprise_recall": 0.6617429837518464, "surprise_f1": 0.5844748858447488}