{"accuracy": 0.46272855133614627, "macro_precision": 0.5281186476526621, "macro_recall": 0.543261792990841, "macro_f1": 0.5311729890967418, "micro_precision": 0.5366178428761651, "micro_recall": 0.5668073136427567, "micro_f1": 0.5512995896032831, "weighted_precision": 0.5319390940712875, "weighted_recall": 0.5668073136427567, "weighted_f1": 0.5445149383329698, "anger_accuracy": 0.7777777777777778, "anger_precision": 0.48201438848920863, "anger_recall": 0.43790849673202614, "anger_f1": 0.4589041095890411, "joy_accuracy": 0.8059071729957806, "joy_precision": 0.5897435897435898, "joy_recall": 0.6647398843930635, "joy_f1": 0.625, "sadness_accuracy": 0.8016877637130801, "sadness_precision": 0.5, "sadness_recall": 0.3900709219858156, "sadness_f1": 0.43824701195219123, "fear_accuracy": 0.6919831223628692, "fear_precision": 0.5407166123778502, "fear_recall": 0.680327868852459, "fear_f1": 0.602540834845735}