{"accuracy": 0.7074542897327707, "macro_precision": 0.7086313409141879, "macro_recall": 0.767274309333807, "macro_f1": 0.7358103671263376, "micro_precision": 0.7107652399481194, "micro_recall": 0.770745428973277, "micro_f1": 0.7395411605937922, "weighted_precision": 0.7142558641683711, "weighted_recall": 0.770745428973277, "weighted_f1": 0.7406225698990375, "anger_accuracy": 0.8846694796061885, "anger_precision": 0.7350993377483444, "anger_recall": 0.7254901960784313, "anger_f1": 0.7302631578947368, "joy_accuracy": 0.9071729957805907, "joy_precision": 0.786096256684492, "joy_recall": 0.8497109826589595, "joy_f1": 0.8166666666666668, "sadness_accuracy": 0.8466947960618847, "sadness_precision": 0.5930232558139535, "sadness_recall": 0.723404255319149, "sadness_f1": 0.6517571884984026, "fear_accuracy": 0.8185654008438819, "fear_precision": 0.7203065134099617, "fear_recall": 0.7704918032786885, "fear_f1": 0.7445544554455444}