{"accuracy": 0.5161744022503516, "macro_precision": 0.5702651984408098, "macro_recall": 0.6659310890669097, "macro_f1": 0.6109805252889265, "micro_precision": 0.5646100116414435, "micro_recall": 0.6821378340365682, "micro_f1": 0.6178343949044587, "weighted_precision": 0.5728741107483003, "weighted_recall": 0.6821378340365682, "weighted_f1": 0.6193675969028125, "anger_accuracy": 0.8368495077355836, "anger_precision": 0.6312056737588653, "anger_recall": 0.5816993464052288, "anger_f1": 0.6054421768707483, "joy_accuracy": 0.8762306610407876, "joy_precision": 0.7114427860696517, "joy_recall": 0.8265895953757225, "joy_f1": 0.7647058823529412, "sadness_accuracy": 0.7510548523206751, "sadness_precision": 0.4010989010989011, "sadness_recall": 0.5177304964539007, "sadness_f1": 0.4520123839009288, "fear_accuracy": 0.6919831223628692, "fear_precision": 0.5373134328358209, "fear_recall": 0.7377049180327869, "fear_f1": 0.6217616580310881}