{"accuracy": 0.8368495077355836, "macro_precision": 0.840945294569202, "macro_recall": 0.8830805875364884, "macro_f1": 0.8614212259390329, "micro_precision": 0.839572192513369, "micro_recall": 0.8832630098452883, "micro_f1": 0.8608636052090473, "weighted_precision": 0.8399478773574737, "weighted_recall": 0.8832630098452883, "weighted_f1": 0.8609848498830577, "anger_accuracy": 0.9282700421940928, "anger_precision": 0.8227848101265823, "anger_recall": 0.8496732026143791, "anger_f1": 0.8360128617363344, "joy_accuracy": 0.9535864978902954, "joy_precision": 0.8932584269662921, "joy_recall": 0.9190751445086706, "joy_f1": 0.905982905982906, "sadness_accuracy": 0.9409282700421941, "sadness_precision": 0.8278145695364238, "sadness_recall": 0.8865248226950354, "sadness_f1": 0.8561643835616438, "fear_accuracy": 0.8917018284106891, "fear_precision": 0.8199233716475096, "fear_recall": 0.8770491803278688, "fear_f1": 0.8475247524752475}