{"accuracy": 0.42053445850914206, "macro_precision": 0.5148227734525943, "macro_recall": 0.5468301096360554, "macro_f1": 0.5087315072481466, "micro_precision": 0.4849939975990396, "micro_recall": 0.5682137834036568, "micro_f1": 0.5233160621761658, "weighted_precision": 0.5122711096181837, "weighted_recall": 0.5682137834036568, "weighted_f1": 0.5187980376147562, "anger_accuracy": 0.8284106891701828, "anger_precision": 0.6962025316455697, "anger_recall": 0.35947712418300654, "anger_f1": 0.4741379310344828, "joy_accuracy": 0.8354430379746836, "joy_precision": 0.6228070175438597, "joy_recall": 0.8208092485549133, "joy_f1": 0.7082294264339152, "sadness_accuracy": 0.70042194092827, "sadness_precision": 0.29775280898876405, "sadness_recall": 0.375886524822695, "sadness_f1": 0.33228840125391856, "fear_accuracy": 0.60056258790436, "fear_precision": 0.4425287356321839, "fear_recall": 0.6311475409836066, "fear_f1": 0.5202702702702703}