{"accuracy": 0.31926863572433195, "macro_precision": 0.44483413434900676, "macro_recall": 0.3754732471097047, "macro_f1": 0.3807659016450279, "micro_precision": 0.43243243243243246, "micro_recall": 0.4050632911392405, "micro_f1": 0.41830065359477125, "weighted_precision": 0.461751736221651, "weighted_recall": 0.4050632911392405, "weighted_f1": 0.4043951674771598, "anger_accuracy": 0.729957805907173, "anger_precision": 0.39572192513368987, "anger_recall": 0.48366013071895425, "anger_f1": 0.4352941176470588, "joy_accuracy": 0.790436005625879, "joy_precision": 0.6935483870967742, "joy_recall": 0.24855491329479767, "joy_f1": 0.3659574468085106, "sadness_accuracy": 0.7046413502109705, "sadness_precision": 0.2, "sadness_recall": 0.16312056737588654, "sadness_f1": 0.17968750000000003, "fear_accuracy": 0.6483825597749648, "fear_precision": 0.4900662251655629, "fear_recall": 0.6065573770491803, "fear_f1": 0.5421245421245421}