{"accuracy": 0.8424753867791842, "macro_precision": 0.8490668565912523, "macro_recall": 0.8988916737341177, "macro_f1": 0.8730452042362801, "micro_precision": 0.8441215323645971, "micro_recall": 0.8987341772151899, "micro_f1": 0.8705722070844686, "weighted_precision": 0.8453268235504673, "weighted_recall": 0.8987341772151899, "weighted_f1": 0.8709573993317724, "anger_accuracy": 0.9268635724331927, "anger_precision": 0.8098159509202454, "anger_recall": 0.8627450980392157, "anger_f1": 0.8354430379746836, "joy_accuracy": 0.9549929676511955, "joy_precision": 0.9028571428571428, "joy_recall": 0.9132947976878613, "joy_f1": 0.9080459770114941, "sadness_accuracy": 0.9578059071729957, "sadness_precision": 0.87248322147651, "sadness_recall": 0.9219858156028369, "sadness_f1": 0.896551724137931, "fear_accuracy": 0.8931082981715893, "fear_precision": 0.8111111111111111, "fear_recall": 0.8975409836065574, "fear_f1": 0.8521400778210116}