{"accuracy": 0.29957805907172996, "macro_precision": 0.4911494334864286, "macro_recall": 0.5188110599215886, "macro_f1": 0.5009235396676995, "micro_precision": 0.4828897338403042, "micro_recall": 0.5358649789029536, "micro_f1": 0.508, "weighted_precision": 0.49273648927454017, "weighted_recall": 0.5358649789029536, "weighted_f1": 0.5091505255140464, "anger_accuracy": 0.739803094233474, "anger_precision": 0.40588235294117647, "anger_recall": 0.45098039215686275, "anger_f1": 0.42724458204334365, "joy_accuracy": 0.8326300984528833, "joy_precision": 0.6753246753246753, "joy_recall": 0.6011560693641619, "joy_f1": 0.6360856269113151, "sadness_accuracy": 0.7749648382559775, "sadness_precision": 0.42857142857142855, "sadness_recall": 0.40425531914893614, "sadness_f1": 0.4160583941605839, "fear_accuracy": 0.6146272855133614, "fear_precision": 0.45481927710843373, "fear_recall": 0.6188524590163934, "fear_f1": 0.5243055555555555}