{"accuracy": 0.680731364275668, "macro_precision": 0.682156562331834, "macro_recall": 0.7538343821479577, "macro_f1": 0.7160374101981696, "micro_precision": 0.6869455006337135, "micro_recall": 0.7623066104078763, "micro_f1": 0.7226666666666667, "weighted_precision": 0.686386788641396, "weighted_recall": 0.7623066104078763, "weighted_f1": 0.7221918677921589, "anger_accuracy": 0.8804500703234881, "anger_precision": 0.7098765432098766, "anger_recall": 0.7516339869281046, "anger_f1": 0.7301587301587301, "joy_accuracy": 0.8945147679324894, "joy_precision": 0.75, "joy_recall": 0.8497109826589595, "joy_f1": 0.7967479674796748, "sadness_accuracy": 0.8368495077355836, "sadness_precision": 0.5816993464052288, "sadness_recall": 0.6312056737588653, "sadness_f1": 0.6054421768707483, "fear_accuracy": 0.8030942334739803, "fear_precision": 0.6870503597122302, "fear_recall": 0.7827868852459017, "fear_f1": 0.7318007662835249}