{"accuracy": 0.7341772151898734, "macro_precision": 0.7412785552903821, "macro_recall": 0.8053342245510121, "macro_f1": 0.7711234436948264, "micro_precision": 0.7431906614785992, "micro_recall": 0.8059071729957806, "micro_f1": 0.7732793522267206, "weighted_precision": 0.7439220556107041, "weighted_recall": 0.8059071729957806, "weighted_f1": 0.772899681045377, "anger_accuracy": 0.8959212376933896, "anger_precision": 0.7615894039735099, "anger_recall": 0.7516339869281046, "anger_f1": 0.756578947368421, "joy_accuracy": 0.9043600562587905, "joy_precision": 0.7611940298507462, "joy_recall": 0.884393063583815, "joy_f1": 0.818181818181818, "sadness_accuracy": 0.8888888888888888, "sadness_precision": 0.691358024691358, "sadness_recall": 0.7943262411347518, "sadness_f1": 0.7392739273927393, "fear_accuracy": 0.8382559774964838, "fear_precision": 0.7509727626459144, "fear_recall": 0.7909836065573771, "fear_f1": 0.7704590818363274}