{"accuracy": 0.5288326300984529, "macro_precision": 0.579686198316092, "macro_recall": 0.6807829704716205, "macro_f1": 0.6178484775409028, "micro_precision": 0.5725806451612904, "micro_recall": 0.69901547116737, "micro_f1": 0.6295123495883472, "weighted_precision": 0.5792090642166641, "weighted_recall": 0.69901547116737, "weighted_f1": 0.6255819466245119, "anger_accuracy": 0.8270042194092827, "anger_precision": 0.6271186440677966, "anger_recall": 0.48366013071895425, "anger_f1": 0.5461254612546126, "joy_accuracy": 0.8424753867791842, "joy_precision": 0.6431924882629108, "joy_recall": 0.791907514450867, "joy_f1": 0.7098445595854921, "sadness_accuracy": 0.8002812939521801, "sadness_precision": 0.4972972972972973, "sadness_recall": 0.6524822695035462, "sadness_f1": 0.5644171779141105, "fear_accuracy": 0.7074542897327707, "fear_precision": 0.5511363636363636, "fear_recall": 0.7950819672131147, "fear_f1": 0.651006711409396}