{"accuracy": 0.28270042194092826, "macro_precision": 0.469722059043899, "macro_recall": 0.6020086389270478, "macro_f1": 0.5092969485668601, "micro_precision": 0.42971887550200805, "micro_recall": 0.6019690576652602, "micro_f1": 0.5014645577035736, "weighted_precision": 0.47594055951988784, "weighted_recall": 0.6019690576652602, "weighted_f1": 0.5161833836584593, "anger_accuracy": 0.7890295358649789, "anger_precision": 0.5104895104895105, "anger_recall": 0.477124183006536, "anger_f1": 0.4932432432432433, "joy_accuracy": 0.8185654008438819, "joy_precision": 0.6325301204819277, "joy_recall": 0.6069364161849711, "joy_f1": 0.6194690265486725, "sadness_accuracy": 0.5780590717299579, "sadness_precision": 0.2785515320334262, "sadness_recall": 0.7092198581560284, "sadness_f1": 0.4, "fear_accuracy": 0.6174402250351617, "fear_precision": 0.4573170731707317, "fear_recall": 0.6147540983606558, "fear_f1": 0.5244755244755245}