{"accuracy": 0.17158931082981715, "macro_precision": 0.5013165353860842, "macro_recall": 0.29364019960408566, "macro_f1": 0.2040261313070186, "micro_precision": 0.25495376486129456, "micro_recall": 0.2714486638537271, "micro_f1": 0.2629427792915531, "weighted_precision": 0.5004326082099629, "weighted_recall": 0.2714486638537271, "weighted_f1": 0.21256679710509213, "anger_accuracy": 0.7876230661040787, "anger_precision": 0.6666666666666666, "anger_recall": 0.026143790849673203, "anger_f1": 0.05031446540880503, "joy_accuracy": 0.7693389592123769, "joy_precision": 0.7368421052631579, "joy_recall": 0.08092485549132948, "joy_f1": 0.14583333333333334, "sadness_accuracy": 0.3037974683544304, "sadness_precision": 0.1989795918367347, "sadness_recall": 0.8297872340425532, "sadness_f1": 0.32098765432098764, "fear_accuracy": 0.6174402250351617, "fear_precision": 0.4027777777777778, "fear_recall": 0.23770491803278687, "fear_f1": 0.2989690721649484}