{"accuracy": 0.2222222222222222, "macro_precision": 0.3801786129029988, "macro_recall": 0.29688892846766946, "macro_f1": 0.3033257397673111, "micro_precision": 0.32547864506627394, "micro_recall": 0.3108298171589311, "micro_f1": 0.31798561151079136, "weighted_precision": 0.4028041250879497, "weighted_recall": 0.3108298171589311, "weighted_f1": 0.32518539554482867, "anger_accuracy": 0.7482419127988749, "anger_precision": 0.3088235294117647, "anger_recall": 0.13725490196078433, "anger_f1": 0.1900452488687783, "joy_accuracy": 0.7679324894514767, "joy_precision": 0.5540540540540541, "joy_recall": 0.23699421965317918, "joy_f1": 0.33198380566801616, "sadness_accuracy": 0.49929676511954996, "sadness_precision": 0.16718266253869968, "sadness_recall": 0.3829787234042553, "sadness_f1": 0.23275862068965514, "fear_accuracy": 0.6511954992967651, "fear_precision": 0.49065420560747663, "fear_recall": 0.430327868852459, "fear_f1": 0.4585152838427948}