{"accuracy": 0.189873417721519, "macro_precision": 0.2666674358474392, "macro_recall": 0.2229331396786493, "macro_f1": 0.2222115816119587, "micro_precision": 0.2967741935483871, "micro_recall": 0.2587904360056259, "micro_f1": 0.2764838467317806, "weighted_precision": 0.27479528274024734, "weighted_recall": 0.2587904360056259, "weighted_f1": 0.2444330773424375, "anger_accuracy": 0.6905766526019691, "anger_precision": 0.2231404958677686, "anger_recall": 0.17647058823529413, "anger_f1": 0.19708029197080293, "joy_accuracy": 0.710267229254571, "joy_precision": 0.24615384615384617, "joy_recall": 0.09248554913294797, "joy_f1": 0.13445378151260504, "sadness_accuracy": 0.7637130801687764, "sadness_precision": 0.2631578947368421, "sadness_recall": 0.10638297872340426, "sadness_f1": 0.15151515151515152, "fear_accuracy": 0.4810126582278481, "fear_precision": 0.33421750663129973, "fear_recall": 0.5163934426229508, "fear_f1": 0.40579710144927533}