{"accuracy": 0.8925619834710744, "macro_precision": 0.7451520026788659, "macro_recall": 0.8239662636214361, "macro_f1": 0.7806840828516126, "micro_precision": 0.9016393442622951, "micro_recall": 0.9090909090909091, "micro_f1": 0.9053497942386831, "weighted_precision": 0.857466133692703, "weighted_recall": 0.9090909090909091, "weighted_f1": 0.880979374305225, "anger_accuracy": 0.9793388429752066, "anger_precision": 0.8958333333333334, "anger_recall": 1.0, "anger_f1": 0.945054945054945, "disgust_accuracy": 0.9462809917355371, "disgust_precision": 0.0, "disgust_recall": 0.0, "disgust_f1": 0.0, "fear_accuracy": 0.9628099173553719, "fear_precision": 0.8571428571428571, "fear_recall": 0.9545454545454546, "fear_f1": 0.9032258064516128, "happy_accuracy": 0.9628099173553719, "happy_precision": 0.9454545454545454, "happy_recall": 0.896551724137931, "happy_f1": 0.920353982300885, "sad_accuracy": 0.9917355371900827, "sad_precision": 0.9672131147540983, "sad_recall": 1.0, "sad_f1": 0.9833333333333333, "shame_accuracy": 0.9834710743801653, "shame_precision": 0.7857142857142857, "shame_recall": 0.9166666666666666, "shame_f1": 0.8461538461538461, "surprise_accuracy": 0.9834710743801653, "surprise_precision": 0.7647058823529411, "surprise_recall": 1.0, "surprise_f1": 0.8666666666666666}