{"accuracy": 0.9380165289256198, "macro_precision": 0.9180377094170199, "macro_recall": 0.932317057712923, "macro_f1": 0.9234815305432518, "micro_precision": 0.9385245901639344, "micro_recall": 0.9462809917355371, "micro_f1": 0.9423868312757202, "weighted_precision": 0.9383281319231733, "weighted_recall": 0.9462809917355371, "weighted_f1": 0.9416278149903451, "anger_accuracy": 0.987603305785124, "anger_precision": 0.9545454545454546, "anger_recall": 0.9767441860465116, "anger_f1": 0.9655172413793104, "disgust_accuracy": 0.9752066115702479, "disgust_precision": 0.8181818181818182, "disgust_recall": 0.6923076923076923, "disgust_f1": 0.7500000000000001, "fear_accuracy": 0.9958677685950413, "fear_precision": 1.0, "fear_recall": 0.9772727272727273, "fear_f1": 0.9885057471264368, "happy_accuracy": 0.9586776859504132, "happy_precision": 0.9137931034482759, "happy_recall": 0.9137931034482759, "happy_f1": 0.9137931034482759, "sad_accuracy": 0.9793388429752066, "sad_precision": 0.95, "sad_recall": 0.9661016949152542, "sad_f1": 0.957983193277311, "shame_accuracy": 0.9958677685950413, "shame_precision": 0.9230769230769231, "shame_recall": 1.0, "shame_f1": 0.9600000000000001, "surprise_accuracy": 0.9917355371900827, "surprise_precision": 0.8666666666666667, "surprise_recall": 1.0, "surprise_f1": 0.9285714285714286}