{"accuracy": 0.4462809917355372, "macro_precision": 0.4259493270992607, "macro_recall": 0.31730293139369836, "macro_f1": 0.2980330593775972, "micro_precision": 0.6488095238095238, "micro_recall": 0.45041322314049587, "micro_f1": 0.5317073170731708, "weighted_precision": 0.6487630719969589, "weighted_recall": 0.45041322314049587, "weighted_f1": 0.43004980758991457, "anger_accuracy": 0.8305785123966942, "anger_precision": 0.5131578947368421, "anger_recall": 0.9069767441860465, "anger_f1": 0.6554621848739496, "disgust_accuracy": 0.9462809917355371, "disgust_precision": 0.0, "disgust_recall": 0.0, "disgust_f1": 0.0, "fear_accuracy": 0.859504132231405, "fear_precision": 0.6470588235294118, "fear_recall": 0.5, "fear_f1": 0.5641025641025642, "happy_accuracy": 0.768595041322314, "happy_precision": 1.0, "happy_recall": 0.034482758620689655, "happy_f1": 0.06666666666666667, "sad_accuracy": 0.9049586776859504, "sad_precision": 0.8214285714285714, "sad_recall": 0.7796610169491526, "sad_f1": 0.8, "shame_accuracy": 0.9504132231404959, "shame_precision": 0.0, "shame_recall": 0.0, "shame_f1": 0.0, "surprise_accuracy": 0.9462809917355371, "surprise_precision": 0.0, "surprise_recall": 0.0, "surprise_f1": 0.0}