{"accuracy": 0.008264462809917356, "macro_precision": 0.17142857142857143, "macro_recall": 0.004884361693245388, "macro_f1": 0.00929705215419501, "micro_precision": 0.3333333333333333, "micro_recall": 0.008264462809917356, "micro_f1": 0.016129032258064516, "weighted_precision": 0.2917355371900826, "weighted_recall": 0.008264462809917356, "weighted_f1": 0.015735274826183917, "anger_accuracy": 0.8223140495867769, "anger_precision": 0.0, "anger_recall": 0.0, "anger_f1": 0.0, "disgust_accuracy": 0.9462809917355371, "disgust_precision": 0.0, "disgust_recall": 0.0, "disgust_f1": 0.0, "fear_accuracy": 0.8181818181818182, "fear_precision": 0.0, "fear_recall": 0.0, "fear_f1": 0.0, "happy_accuracy": 0.7479338842975206, "happy_precision": 0.2, "happy_recall": 0.017241379310344827, "happy_f1": 0.031746031746031744, "sad_accuracy": 0.7603305785123967, "sad_precision": 1.0, "sad_recall": 0.01694915254237288, "sad_f1": 0.03333333333333333, "shame_accuracy": 0.9504132231404959, "shame_precision": 0.0, "shame_recall": 0.0, "shame_f1": 0.0, "surprise_accuracy": 0.9462809917355371, "surprise_precision": 0.0, "surprise_recall": 0.0, "surprise_f1": 0.0}