{"accuracy": 0.02066115702479339, "macro_precision": 0.23809523809523808, "macro_recall": 0.0137574290116663, "macro_f1": 0.02598293950387293, "micro_precision": 0.8333333333333334, "micro_recall": 0.02066115702479339, "micro_f1": 0.04032258064516129, "weighted_precision": 0.36501377410468316, "weighted_recall": 0.02066115702479339, "weighted_f1": 0.03906759615875483, "anger_accuracy": 0.8223140495867769, "anger_precision": 0.0, "anger_recall": 0.0, "anger_f1": 0.0, "disgust_accuracy": 0.9462809917355371, "disgust_precision": 0.0, "disgust_recall": 0.0, "disgust_f1": 0.0, "fear_accuracy": 0.8223140495867769, "fear_precision": 0.6666666666666666, "fear_recall": 0.045454545454545456, "fear_f1": 0.08510638297872342, "happy_accuracy": 0.7603305785123967, "happy_precision": 0.0, "happy_recall": 0.0, "happy_f1": 0.0, "sad_accuracy": 0.768595041322314, "sad_precision": 1.0, "sad_recall": 0.05084745762711865, "sad_f1": 0.0967741935483871, "shame_accuracy": 0.9504132231404959, "shame_precision": 0.0, "shame_recall": 0.0, "shame_f1": 0.0, "surprise_accuracy": 0.9462809917355371, "surprise_precision": 0.0, "surprise_recall": 0.0, "surprise_f1": 0.0}