{"accuracy": 0.9710743801652892, "macro_precision": 0.9554974090819518, "macro_recall": 0.956321545335178, "macro_f1": 0.9527473874582028, "micro_precision": 0.9670781893004116, "micro_recall": 0.9710743801652892, "micro_f1": 0.9690721649484535, "weighted_precision": 0.968433653003031, "weighted_recall": 0.9710743801652892, "weighted_f1": 0.9685449171458433, "anger_accuracy": 0.9917355371900827, "anger_precision": 0.9767441860465116, "anger_recall": 0.9767441860465116, "anger_f1": 0.9767441860465116, "disgust_accuracy": 0.987603305785124, "disgust_precision": 1.0, "disgust_recall": 0.7692307692307693, "disgust_f1": 0.8695652173913044, "fear_accuracy": 0.9958677685950413, "fear_precision": 0.9777777777777777, "fear_recall": 1.0, "fear_f1": 0.9887640449438202, "happy_accuracy": 0.9793388429752066, "happy_precision": 0.9649122807017544, "happy_recall": 0.9482758620689655, "happy_f1": 0.9565217391304347, "sad_accuracy": 0.9958677685950413, "sad_precision": 0.9833333333333333, "sad_recall": 1.0, "sad_f1": 0.9915966386554621, "shame_accuracy": 0.9917355371900827, "shame_precision": 0.8571428571428571, "shame_recall": 1.0, "shame_f1": 0.923076923076923, "surprise_accuracy": 0.9958677685950413, "surprise_precision": 0.9285714285714286, "surprise_recall": 1.0, "surprise_f1": 0.962962962962963}