{"accuracy": 0.5743801652892562, "macro_precision": 0.6045209927059243, "macro_recall": 0.5870766665997253, "macro_f1": 0.5889013693384869, "micro_precision": 0.7692307692307693, "micro_recall": 0.5785123966942148, "micro_f1": 0.660377358490566, "weighted_precision": 0.5620779000236715, "weighted_recall": 0.5785123966942148, "weighted_f1": 0.5619945146616208, "anger_accuracy": 0.9008264462809917, "anger_precision": 0.6727272727272727, "anger_recall": 0.8604651162790697, "anger_f1": 0.7551020408163266, "disgust_accuracy": 0.9462809917355371, "disgust_precision": 0.0, "disgust_recall": 0.0, "disgust_f1": 0.0, "fear_accuracy": 0.9338842975206612, "fear_precision": 0.9375, "fear_recall": 0.6818181818181818, "fear_f1": 0.7894736842105263, "happy_accuracy": 0.7603305785123967, "happy_precision": 0.0, "happy_recall": 0.0, "happy_f1": 0.0, "sad_accuracy": 0.8842975206611571, "sad_precision": 0.7123287671232876, "sad_recall": 0.8813559322033898, "sad_f1": 0.7878787878787878, "shame_accuracy": 0.9958677685950413, "shame_precision": 1.0, "shame_recall": 0.9166666666666666, "shame_f1": 0.9565217391304348, "surprise_accuracy": 0.9834710743801653, "surprise_precision": 0.9090909090909091, "surprise_recall": 0.7692307692307693, "surprise_f1": 0.8333333333333333}