{"accuracy": 0.5330578512396694, "macro_precision": 0.5832488792618497, "macro_recall": 0.3700303407193163, "macro_f1": 0.42060815959734665, "micro_precision": 0.7602339181286549, "micro_recall": 0.5371900826446281, "micro_f1": 0.6295399515738498, "weighted_precision": 0.7024593868569107, "weighted_recall": 0.5371900826446281, "weighted_f1": 0.5880728176615113, "anger_accuracy": 0.871900826446281, "anger_precision": 0.6875, "anger_recall": 0.5116279069767442, "anger_f1": 0.5866666666666667, "disgust_accuracy": 0.9462809917355371, "disgust_precision": 0.0, "disgust_recall": 0.0, "disgust_f1": 0.0, "fear_accuracy": 0.8884297520661157, "fear_precision": 0.8695652173913043, "fear_recall": 0.45454545454545453, "fear_f1": 0.5970149253731344, "happy_accuracy": 0.9049586776859504, "happy_precision": 0.8431372549019608, "happy_recall": 0.7413793103448276, "happy_f1": 0.7889908256880734, "sad_accuracy": 0.8512396694214877, "sad_precision": 0.6825396825396826, "sad_recall": 0.7288135593220338, "sad_f1": 0.7049180327868851, "shame_accuracy": 0.9504132231404959, "shame_precision": 0.0, "shame_recall": 0.0, "shame_f1": 0.0, "surprise_accuracy": 0.9545454545454546, "surprise_precision": 1.0, "surprise_recall": 0.15384615384615385, "surprise_f1": 0.2666666666666667}