{"accuracy": 0.5165289256198347, "macro_precision": 0.4366819455054749, "macro_recall": 0.3525570768920911, "macro_f1": 0.38320110765539434, "micro_precision": 0.7441860465116279, "micro_recall": 0.5289256198347108, "micro_f1": 0.6183574879227053, "weighted_precision": 0.6448428131583213, "weighted_recall": 0.5289256198347108, "weighted_f1": 0.5721120787699258, "anger_accuracy": 0.8636363636363636, "anger_precision": 0.6136363636363636, "anger_recall": 0.627906976744186, "anger_f1": 0.6206896551724139, "disgust_accuracy": 0.9462809917355371, "disgust_precision": 0.0, "disgust_recall": 0.0, "disgust_f1": 0.0, "fear_accuracy": 0.8925619834710744, "fear_precision": 0.9090909090909091, "fear_recall": 0.45454545454545453, "fear_f1": 0.6060606060606061, "happy_accuracy": 0.9049586776859504, "happy_precision": 0.8431372549019608, "happy_recall": 0.7413793103448276, "happy_f1": 0.7889908256880734, "sad_accuracy": 0.8429752066115702, "sad_precision": 0.6909090909090909, "sad_recall": 0.6440677966101694, "sad_f1": 0.6666666666666665, "shame_accuracy": 0.9504132231404959, "shame_precision": 0.0, "shame_recall": 0.0, "shame_f1": 0.0, "surprise_accuracy": 0.9462809917355371, "surprise_precision": 0.0, "surprise_recall": 0.0, "surprise_f1": 0.0}