{"accuracy": 0.8264462809917356, "macro_precision": 0.7441310482292725, "macro_recall": 0.7607610415671796, "macro_f1": 0.7509027506618215, "micro_precision": 0.8512396694214877, "micro_recall": 0.8512396694214877, "micro_f1": 0.8512396694214878, "weighted_precision": 0.8075654200267102, "weighted_recall": 0.8512396694214877, "weighted_f1": 0.8278097251454571, "anger_accuracy": 0.9545454545454546, "anger_precision": 0.8478260869565217, "anger_recall": 0.9069767441860465, "anger_f1": 0.8764044943820224, "disgust_accuracy": 0.9462809917355371, "disgust_precision": 0.0, "disgust_recall": 0.0, "disgust_f1": 0.0, "fear_accuracy": 0.9504132231404959, "fear_precision": 0.8076923076923077, "fear_recall": 0.9545454545454546, "fear_f1": 0.875, "happy_accuracy": 0.9462809917355371, "happy_precision": 0.8813559322033898, "happy_recall": 0.896551724137931, "happy_f1": 0.888888888888889, "sad_accuracy": 0.9297520661157025, "sad_precision": 0.8387096774193549, "sad_recall": 0.8813559322033898, "sad_f1": 0.859504132231405, "shame_accuracy": 0.9958677685950413, "shame_precision": 1.0, "shame_recall": 0.9166666666666666, "shame_f1": 0.9565217391304348, "surprise_accuracy": 0.9793388429752066, "surprise_precision": 0.8333333333333334, "surprise_recall": 0.7692307692307693, "surprise_f1": 0.8}