{"accuracy": 0.9710743801652892, "macro_precision": 0.9609568592327214, "macro_recall": 0.9570851495470581, "macro_f1": 0.9587490670249291, "micro_precision": 0.9711934156378601, "micro_recall": 0.9752066115702479, "micro_f1": 0.9731958762886598, "weighted_precision": 0.9712809917355373, "weighted_recall": 0.9752066115702479, "weighted_f1": 0.9730803906836965, "anger_accuracy": 0.9834710743801653, "anger_precision": 0.9333333333333333, "anger_recall": 0.9767441860465116, "anger_f1": 0.9545454545454545, "disgust_accuracy": 0.987603305785124, "disgust_precision": 0.9166666666666666, "disgust_recall": 0.8461538461538461, "disgust_f1": 0.8799999999999999, "fear_accuracy": 0.9917355371900827, "fear_precision": 0.9772727272727273, "fear_recall": 0.9772727272727273, "fear_f1": 0.9772727272727273, "happy_accuracy": 0.9917355371900827, "happy_precision": 0.9827586206896551, "happy_recall": 0.9827586206896551, "happy_f1": 0.9827586206896551, "sad_accuracy": 1.0, "sad_precision": 1.0, "sad_recall": 1.0, "sad_f1": 1.0, "shame_accuracy": 0.9917355371900827, "shame_precision": 0.9166666666666666, "shame_recall": 0.9166666666666666, "shame_f1": 0.9166666666666666, "surprise_accuracy": 1.0, "surprise_precision": 1.0, "surprise_recall": 1.0, "surprise_f1": 1.0}