{"accuracy": 0.9380165289256198, "macro_precision": 0.9316104879982777, "macro_recall": 0.9253801508636844, "macro_f1": 0.9274794200438616, "micro_precision": 0.9387755102040817, "micro_recall": 0.9504132231404959, "micro_f1": 0.9445585215605751, "weighted_precision": 0.9388734647796825, "weighted_recall": 0.9504132231404959, "weighted_f1": 0.944059956959183, "anger_accuracy": 0.9834710743801653, "anger_precision": 0.9333333333333333, "anger_recall": 0.9767441860465116, "anger_f1": 0.9545454545454545, "disgust_accuracy": 0.9834710743801653, "disgust_precision": 0.9090909090909091, "disgust_recall": 0.7692307692307693, "disgust_f1": 0.8333333333333333, "fear_accuracy": 0.987603305785124, "fear_precision": 0.9555555555555556, "fear_recall": 0.9772727272727273, "fear_f1": 0.9662921348314608, "happy_accuracy": 0.9710743801652892, "happy_precision": 0.9180327868852459, "happy_recall": 0.9655172413793104, "happy_f1": 0.9411764705882353, "sad_accuracy": 0.9793388429752066, "sad_precision": 0.9655172413793104, "sad_recall": 0.9491525423728814, "sad_f1": 0.9572649572649573, "shame_accuracy": 0.9917355371900827, "shame_precision": 0.9166666666666666, "shame_recall": 0.9166666666666666, "shame_f1": 0.9166666666666666, "surprise_accuracy": 0.9917355371900827, "surprise_precision": 0.9230769230769231, "surprise_recall": 0.9230769230769231, "surprise_f1": 0.9230769230769231}