{"accuracy": 0.32231404958677684, "macro_precision": 0.3858700170696703, "macro_recall": 0.21811277287810799, "macro_f1": 0.27060360005321316, "micro_precision": 0.6782608695652174, "micro_recall": 0.32231404958677684, "micro_f1": 0.4369747899159664, "weighted_precision": 0.5684992732393007, "weighted_recall": 0.32231404958677684, "weighted_f1": 0.39879598049997894, "anger_accuracy": 0.859504132231405, "anger_precision": 0.6451612903225806, "anger_recall": 0.46511627906976744, "anger_f1": 0.5405405405405406, "disgust_accuracy": 0.9462809917355371, "disgust_precision": 0.0, "disgust_recall": 0.0, "disgust_f1": 0.0, "fear_accuracy": 0.8512396694214877, "fear_precision": 0.7222222222222222, "fear_recall": 0.29545454545454547, "fear_f1": 0.41935483870967744, "happy_accuracy": 0.78099173553719, "happy_precision": 0.631578947368421, "happy_recall": 0.20689655172413793, "happy_f1": 0.3116883116883117, "sad_accuracy": 0.8347107438016529, "sad_precision": 0.7021276595744681, "sad_recall": 0.559322033898305, "sad_f1": 0.6226415094339622, "shame_accuracy": 0.9504132231404959, "shame_precision": 0.0, "shame_recall": 0.0, "shame_f1": 0.0, "surprise_accuracy": 0.9462809917355371, "surprise_precision": 0.0, "surprise_recall": 0.0, "surprise_f1": 0.0}