{"accuracy": 0.04132231404958678, "macro_precision": 0.2698412698412698, "macro_recall": 0.025863966541932643, "macro_f1": 0.04603580562659847, "micro_precision": 0.7692307692307693, "micro_recall": 0.04132231404958678, "micro_f1": 0.0784313725490196, "weighted_precision": 0.3985307621671258, "weighted_recall": 0.04132231404958678, "weighted_f1": 0.07317537147809178, "anger_accuracy": 0.8140495867768595, "anger_precision": 0.0, "anger_recall": 0.0, "anger_f1": 0.0, "disgust_accuracy": 0.9462809917355371, "disgust_precision": 0.0, "disgust_recall": 0.0, "disgust_f1": 0.0, "fear_accuracy": 0.8264462809917356, "fear_precision": 1.0, "fear_recall": 0.045454545454545456, "fear_f1": 0.08695652173913045, "happy_accuracy": 0.7603305785123967, "happy_precision": 0.0, "happy_recall": 0.0, "happy_f1": 0.0, "sad_accuracy": 0.7851239669421488, "sad_precision": 0.8888888888888888, "sad_recall": 0.13559322033898305, "sad_f1": 0.2352941176470588, "shame_accuracy": 0.9504132231404959, "shame_precision": 0.0, "shame_recall": 0.0, "shame_f1": 0.0, "surprise_accuracy": 0.9462809917355371, "surprise_precision": 0.0, "surprise_recall": 0.0, "surprise_f1": 0.0}