{"accuracy": 0.9669421487603306, "macro_precision": 0.9508592736167486, "macro_recall": 0.9648274072893159, "macro_f1": 0.9571570200909768, "micro_precision": 0.963265306122449, "micro_recall": 0.9752066115702479, "micro_f1": 0.9691991786447639, "weighted_precision": 0.9642457580858503, "weighted_recall": 0.9752066115702479, "weighted_f1": 0.96939015216365, "anger_accuracy": 0.987603305785124, "anger_precision": 0.9545454545454546, "anger_recall": 0.9767441860465116, "anger_f1": 0.9655172413793104, "disgust_accuracy": 0.9958677685950413, "disgust_precision": 1.0, "disgust_recall": 0.9230769230769231, "disgust_f1": 0.9600000000000001, "fear_accuracy": 0.987603305785124, "fear_precision": 0.9767441860465116, "fear_recall": 0.9545454545454546, "fear_f1": 0.9655172413793104, "happy_accuracy": 0.9834710743801653, "happy_precision": 0.95, "happy_recall": 0.9827586206896551, "happy_f1": 0.9661016949152542, "sad_accuracy": 1.0, "sad_precision": 1.0, "sad_recall": 1.0, "sad_f1": 1.0, "shame_accuracy": 0.987603305785124, "shame_precision": 0.8461538461538461, "shame_recall": 0.9166666666666666, "shame_f1": 0.8799999999999999, "surprise_accuracy": 0.9958677685950413, "surprise_precision": 0.9285714285714286, "surprise_recall": 1.0, "surprise_f1": 0.962962962962963}