{"accuracy": 0.4332043486272342, "macro_precision": 0.48732187789773906, "macro_recall": 0.5139356497503493, "macro_f1": 0.4898914388106788, "micro_precision": 0.559367881548975, "micro_recall": 0.620793174277137, "micro_f1": 0.5884819890661275, "weighted_precision": 0.5612812530371366, "weighted_recall": 0.620793174277137, "weighted_f1": 0.5874689800756974, "admiration_accuracy": 0.9358761746821448, "admiration_precision": 0.6326530612244898, "admiration_recall": 0.7380952380952381, "admiration_f1": 0.6813186813186813, "amusement_accuracy": 0.9808365579509858, "amusement_precision": 0.75, "amusement_recall": 0.9090909090909091, "amusement_f1": 0.821917808219178, "anger_accuracy": 0.9629629629629629, "anger_precision": 0.4928909952606635, "anger_recall": 0.5252525252525253, "anger_f1": 0.508557457212714, "annoyance_accuracy": 0.9174497880965543, "annoyance_precision": 0.3415841584158416, "annoyance_recall": 0.43125, "annoyance_f1": 0.3812154696132597, "approval_accuracy": 0.920029482218537, "approval_precision": 0.39753086419753086, "approval_recall": 0.4586894586894587, "approval_f1": 0.42592592592592593, "caring_accuracy": 0.9719918923899024, "caring_precision": 0.4397163120567376, "caring_recall": 0.45925925925925926, "caring_f1": 0.44927536231884063, "confusion_accuracy": 0.960751796572692, "confusion_precision": 0.3623853211009174, "confusion_recall": 0.5163398692810458, "confusion_f1": 0.42587601078167114, "curiosity_accuracy": 0.9461949511700756, "curiosity_precision": 0.4895287958115183, "curiosity_recall": 0.6584507042253521, "curiosity_f1": 0.5615615615615616, "desire_accuracy": 0.9869172655242306, "desire_precision": 0.5833333333333334, "desire_recall": 0.5060240963855421, "desire_f1": 0.5419354838709678, "disappointment_accuracy": 0.9622259074995393, "disappointment_precision": 0.33125, "disappointment_recall": 0.3509933774834437, "disappointment_f1": 0.3408360128617363, "disapproval_accuracy": 0.9353233830845771, "disapproval_precision": 0.3662420382165605, "disapproval_recall": 0.4307116104868914, "disapproval_f1": 0.3958691910499139, "disgust_accuracy": 0.9765984890363, "disgust_precision": 0.4830508474576271, "disgust_recall": 0.4634146341463415, "disgust_f1": 0.4730290456431535, "embarrassment_accuracy": 0.994103556292611, "embarrassment_precision": 0.6, "embarrassment_recall": 0.40540540540540543, "embarrassment_f1": 0.48387096774193555, "excitement_accuracy": 0.9780725999631472, "excitement_precision": 0.42857142857142855, "excitement_recall": 0.46601941747572817, "excitement_f1": 0.4465116279069767, "fear_accuracy": 0.9889441680486457, "fear_precision": 0.5882352941176471, "fear_recall": 0.7692307692307693, "fear_f1": 0.6666666666666667, "gratitude_accuracy": 0.9891284319145016, "gratitude_precision": 0.9197707736389685, "gratitude_recall": 0.9119318181818182, "gratitude_f1": 0.9158345221112697, "grief_accuracy": 0.9988944168048646, "grief_precision": 0.0, "grief_recall": 0.0, "grief_f1": 0.0, "joy_accuracy": 0.9730974755850378, "joy_precision": 0.538860103626943, "joy_recall": 0.6459627329192547, "joy_f1": 0.5875706214689266, "love_accuracy": 0.9812050856826976, "love_precision": 0.7446043165467626, "love_recall": 0.8697478991596639, "love_f1": 0.8023255813953488, "nervousness_accuracy": 0.9948406117560347, "nervousness_precision": 0.38095238095238093, "nervousness_recall": 0.34782608695652173, "nervousness_f1": 0.3636363636363636, "optimism_accuracy": 0.9695964621337756, "optimism_precision": 0.5517241379310345, "optimism_recall": 0.6021505376344086, "optimism_f1": 0.5758354755784061, "pride_accuracy": 0.9972360420121614, "pride_precision": 0.6666666666666666, "pride_recall": 0.125, "pride_f1": 0.21052631578947367, "realization_accuracy": 0.9622259074995393, "realization_precision": 0.2457627118644068, "realization_recall": 0.2, "realization_f1": 0.22053231939163498, "relief_accuracy": 0.997973097475585, "relief_precision": 0.0, "relief_recall": 0.0, "relief_f1": 0.0, "remorse_accuracy": 0.9920766537681961, "remorse_precision": 0.5844155844155844, "remorse_recall": 0.8035714285714286, "remorse_f1": 0.6766917293233082, "sadness_accuracy": 0.9742030587801732, "sadness_precision": 0.5493827160493827, "sadness_recall": 0.5705128205128205, "sadness_f1": 0.559748427672956, "surprise_accuracy": 0.9764142251704441, "surprise_precision": 0.5454545454545454, "surprise_recall": 0.5531914893617021, "surprise_f1": 0.5492957746478873, "neutral_accuracy": 0.7622996130458817, "neutral_precision": 0.6304461942257218, "neutral_recall": 0.672076105204253, "neutral_f1": 0.6505958829902492}