{"accuracy": 0.0938722294654498, "macro_precision": 0.4239586381816408, "macro_recall": 0.08976742094123405, "macro_f1": 0.13063304221315342, "micro_precision": 0.5950413223140496, "micro_recall": 0.0938722294654498, "micro_f1": 0.16216216216216214, "weighted_precision": 0.41473360248378477, "weighted_recall": 0.0938722294654498, "weighted_f1": 0.1355322751380424, "joy_accuracy": 0.8539765319426337, "joy_precision": 0.0, "joy_recall": 0.0, "joy_f1": 0.0, "fear_accuracy": 0.8617992177314211, "fear_precision": 0.4444444444444444, "fear_recall": 0.1568627450980392, "fear_f1": 0.23188405797101447, "anger_accuracy": 0.877444589308996, "anger_precision": 0.9411764705882353, "anger_recall": 0.14678899082568808, "anger_f1": 0.25396825396825395, "sadness_accuracy": 0.8696219035202086, "sadness_precision": 0.0, "sadness_recall": 0.0, "sadness_f1": 0.0, "disgust_accuracy": 0.8735332464146024, "disgust_precision": 1.0, "disgust_recall": 0.01020408163265306, "disgust_f1": 0.020202020202020204, "shame_accuracy": 0.8526727509778357, "shame_precision": 0.582089552238806, "shame_recall": 0.31451612903225806, "shame_f1": 0.4083769633507853, "guilt_accuracy": 0.8409387222946545, "guilt_precision": 0.0, "guilt_recall": 0.0, "guilt_f1": 0.0}