{"accuracy": 0.6597131681877445, "macro_precision": 0.681096773838395, "macro_recall": 0.7483781308186389, "macro_f1": 0.7126941765750849, "micro_precision": 0.6785290628706999, "micro_recall": 0.7457627118644068, "micro_f1": 0.7105590062111802, "weighted_precision": 0.6799605243136256, "weighted_recall": 0.7457627118644068, "weighted_f1": 0.7108759422170651, "joy_accuracy": 0.8917861799217731, "joy_precision": 0.6141732283464567, "joy_recall": 0.6964285714285714, "joy_f1": 0.6527196652719666, "fear_accuracy": 0.9009126466753585, "fear_precision": 0.6065573770491803, "fear_recall": 0.7254901960784313, "fear_f1": 0.6607142857142857, "anger_accuracy": 0.9217731421121251, "anger_precision": 0.696, "anger_recall": 0.7981651376146789, "anger_f1": 0.7435897435897435, "sadness_accuracy": 0.9035202086049544, "sadness_precision": 0.6203703703703703, "sadness_recall": 0.67, "sadness_f1": 0.6442307692307693, "disgust_accuracy": 0.970013037809648, "disgust_precision": 0.8571428571428571, "disgust_recall": 0.9183673469387755, "disgust_f1": 0.8866995073891625, "shame_accuracy": 0.910039113428944, "shame_precision": 0.706766917293233, "shame_recall": 0.7580645161290323, "shame_f1": 0.7315175097276264, "guilt_accuracy": 0.894393741851369, "guilt_precision": 0.6666666666666666, "guilt_recall": 0.6721311475409836, "guilt_f1": 0.6693877551020407}