{"accuracy": 0.5710560625814863, "macro_precision": 0.6056791163800997, "macro_recall": 0.6332687819190225, "macro_f1": 0.6142347778061382, "micro_precision": 0.6042446941323346, "micro_recall": 0.6310299869621904, "micro_f1": 0.6173469387755102, "weighted_precision": 0.6059994131354182, "weighted_recall": 0.6310299869621904, "weighted_f1": 0.613156027553544, "joy_accuracy": 0.8500651890482399, "joy_precision": 0.48695652173913045, "joy_recall": 0.5, "joy_f1": 0.4933920704845815, "fear_accuracy": 0.8696219035202086, "fear_precision": 0.5076923076923077, "fear_recall": 0.6470588235294118, "fear_f1": 0.5689655172413793, "anger_accuracy": 0.8970013037809648, "anger_precision": 0.6056338028169014, "anger_recall": 0.7889908256880734, "anger_f1": 0.6852589641434262, "sadness_accuracy": 0.8617992177314211, "sadness_precision": 0.4659090909090909, "sadness_recall": 0.41, "sadness_f1": 0.43617021276595747, "disgust_accuracy": 0.9661016949152542, "disgust_precision": 0.86, "disgust_recall": 0.8775510204081632, "disgust_f1": 0.8686868686868686, "shame_accuracy": 0.8983050847457628, "shame_precision": 0.6691176470588235, "shame_recall": 0.7338709677419355, "shame_f1": 0.7000000000000001, "guilt_accuracy": 0.8748370273794003, "guilt_precision": 0.6444444444444445, "guilt_recall": 0.47540983606557374, "guilt_f1": 0.5471698113207547}