{"accuracy": 0.45371577574967403, "macro_precision": 0.6524637288529563, "macro_recall": 0.4861515579192512, "macro_f1": 0.5031452120710026, "micro_precision": 0.5983739837398374, "micro_recall": 0.47979139504563234, "micro_f1": 0.532561505065123, "weighted_precision": 0.6560737718522072, "weighted_recall": 0.47979139504563234, "weighted_f1": 0.49668837630877466, "joy_accuracy": 0.8657105606258149, "joy_precision": 0.6097560975609756, "joy_recall": 0.22321428571428573, "joy_f1": 0.32679738562091504, "fear_accuracy": 0.8813559322033898, "fear_precision": 0.5679012345679012, "fear_recall": 0.45098039215686275, "fear_f1": 0.5027322404371584, "anger_accuracy": 0.8422425032594524, "anger_precision": 0.4666666666666667, "anger_recall": 0.7706422018348624, "anger_f1": 0.5813148788927336, "sadness_accuracy": 0.8761408083441982, "sadness_precision": 0.5362318840579711, "sadness_recall": 0.37, "sadness_f1": 0.4378698224852071, "disgust_accuracy": 0.9530638852672751, "disgust_precision": 0.8297872340425532, "disgust_recall": 0.7959183673469388, "disgust_f1": 0.8125, "shame_accuracy": 0.8800521512385919, "shame_precision": 0.6194029850746269, "shame_recall": 0.6693548387096774, "shame_f1": 0.6434108527131783, "guilt_accuracy": 0.8591916558018253, "guilt_precision": 0.9375, "guilt_recall": 0.12295081967213115, "guilt_f1": 0.21739130434782608}