{"accuracy": 0.6466753585397653, "macro_precision": 0.6763812665947035, "macro_recall": 0.731797723780977, "macro_f1": 0.7025474182978761, "micro_precision": 0.6743063932448733, "micro_recall": 0.7288135593220338, "micro_f1": 0.7005012531328321, "weighted_precision": 0.6747460529250981, "weighted_recall": 0.7288135593220338, "weighted_f1": 0.7002810097517167, "joy_accuracy": 0.8852672750977836, "joy_precision": 0.5909090909090909, "joy_recall": 0.6964285714285714, "joy_f1": 0.6393442622950819, "fear_accuracy": 0.9074315514993481, "fear_precision": 0.6396396396396397, "fear_recall": 0.696078431372549, "fear_f1": 0.6666666666666667, "anger_accuracy": 0.9282920469361148, "anger_precision": 0.7454545454545455, "anger_recall": 0.7522935779816514, "anger_f1": 0.7488584474885845, "sadness_accuracy": 0.9009126466753585, "sadness_precision": 0.6111111111111112, "sadness_recall": 0.66, "sadness_f1": 0.6346153846153846, "disgust_accuracy": 0.9647979139504563, "disgust_precision": 0.8198198198198198, "disgust_recall": 0.9285714285714286, "disgust_f1": 0.8708133971291867, "shame_accuracy": 0.910039113428944, "shame_precision": 0.706766917293233, "shame_recall": 0.7580645161290323, "shame_f1": 0.7315175097276264, "guilt_accuracy": 0.8800521512385919, "guilt_precision": 0.6209677419354839, "guilt_recall": 0.6311475409836066, "guilt_f1": 0.6260162601626017}