{"accuracy": 0.5397653194263363, "macro_precision": 0.5638422707593594, "macro_recall": 0.5890313424232415, "macro_f1": 0.5730271977013753, "micro_precision": 0.5672955974842767, "micro_recall": 0.5880052151238592, "micro_f1": 0.5774647887323944, "weighted_precision": 0.5646331000806494, "weighted_recall": 0.5880052151238592, "weighted_f1": 0.5729214540212713, "joy_accuracy": 0.863102998696219, "joy_precision": 0.5384615384615384, "joy_recall": 0.4375, "joy_f1": 0.4827586206896552, "fear_accuracy": 0.8696219035202086, "fear_precision": 0.5079365079365079, "fear_recall": 0.6274509803921569, "fear_f1": 0.5614035087719298, "anger_accuracy": 0.894393741851369, "anger_precision": 0.6014492753623188, "anger_recall": 0.7614678899082569, "anger_f1": 0.6720647773279351, "sadness_accuracy": 0.8383311603650587, "sadness_precision": 0.375, "sadness_recall": 0.36, "sadness_f1": 0.3673469387755102, "disgust_accuracy": 0.9387222946544981, "disgust_precision": 0.7524752475247525, "disgust_recall": 0.7755102040816326, "disgust_f1": 0.7638190954773869, "shame_accuracy": 0.877444589308996, "shame_precision": 0.6119402985074627, "shame_recall": 0.6612903225806451, "shame_f1": 0.6356589147286821, "guilt_accuracy": 0.8578878748370273, "guilt_precision": 0.5596330275229358, "guilt_recall": 0.5, "guilt_f1": 0.5281385281385281}