{"accuracy": 0.07301173402868318, "macro_precision": 0.25806451612903225, "macro_recall": 0.07766068419504106, "macro_f1": 0.11933238411643729, "micro_precision": 0.8888888888888888, "micro_recall": 0.07301173402868318, "micro_f1": 0.13493975903614455, "weighted_precision": 0.2433023510114817, "weighted_recall": 0.07301173402868318, "weighted_f1": 0.1122618939331592, "joy_accuracy": 0.8539765319426337, "joy_precision": 0.0, "joy_recall": 0.0, "joy_f1": 0.0, "fear_accuracy": 0.8670143415906127, "fear_precision": 0.0, "fear_recall": 0.0, "fear_f1": 0.0, "anger_accuracy": 0.8878748370273793, "anger_precision": 0.8709677419354839, "anger_recall": 0.24770642201834864, "anger_f1": 0.38571428571428573, "sadness_accuracy": 0.8683181225554107, "sadness_precision": 0.0, "sadness_recall": 0.0, "sadness_f1": 0.0, "disgust_accuracy": 0.9074315514993481, "disgust_precision": 0.9354838709677419, "disgust_recall": 0.29591836734693877, "disgust_f1": 0.4496124031007752, "shame_accuracy": 0.8383311603650587, "shame_precision": 0.0, "shame_recall": 0.0, "shame_f1": 0.0, "guilt_accuracy": 0.8409387222946545, "guilt_precision": 0.0, "guilt_recall": 0.0, "guilt_f1": 0.0}