{"accuracy": 0.3350717079530639, "macro_precision": 0.71541145189401, "macro_recall": 0.34072204838265663, "macro_f1": 0.43775095648774254, "micro_precision": 0.6951871657754011, "micro_recall": 0.3389830508474576, "micro_f1": 0.45574057843996485, "weighted_precision": 0.7174344815342663, "weighted_recall": 0.3389830508474576, "weighted_f1": 0.43629400217998493, "joy_accuracy": 0.8683181225554107, "joy_precision": 0.6486486486486487, "joy_recall": 0.21428571428571427, "joy_f1": 0.3221476510067114, "fear_accuracy": 0.8865710560625815, "fear_precision": 0.6923076923076923, "fear_recall": 0.2647058823529412, "fear_f1": 0.3829787234042553, "anger_accuracy": 0.878748370273794, "anger_precision": 0.6333333333333333, "anger_recall": 0.3486238532110092, "anger_f1": 0.4497041420118343, "sadness_accuracy": 0.8878748370273793, "sadness_precision": 0.7333333333333333, "sadness_recall": 0.22, "sadness_f1": 0.3384615384615385, "disgust_accuracy": 0.9217731421121251, "disgust_precision": 0.7209302325581395, "disgust_recall": 0.6326530612244898, "disgust_f1": 0.6739130434782609, "shame_accuracy": 0.877444589308996, "shame_precision": 0.65625, "shame_recall": 0.5080645161290323, "shame_f1": 0.5727272727272728, "guilt_accuracy": 0.8696219035202086, "guilt_precision": 0.9230769230769231, "guilt_recall": 0.19672131147540983, "guilt_f1": 0.32432432432432434}