{"accuracy": 0.36114732724902215, "macro_precision": 0.5378905699908011, "macro_recall": 0.39666103583431095, "macro_f1": 0.4216669886414084, "micro_precision": 0.5878787878787879, "micro_recall": 0.379400260756193, "micro_f1": 0.4611727416798732, "weighted_precision": 0.5311490316726032, "weighted_recall": 0.379400260756193, "weighted_f1": 0.4063835728008648, "joy_accuracy": 0.8709256844850065, "joy_precision": 0.6756756756756757, "joy_recall": 0.22321428571428573, "joy_f1": 0.3355704697986578, "fear_accuracy": 0.863102998696219, "fear_precision": 0.48598130841121495, "fear_recall": 0.5098039215686274, "fear_f1": 0.4976076555023923, "anger_accuracy": 0.8722294654498044, "anger_precision": 0.5379310344827586, "anger_recall": 0.7155963302752294, "anger_f1": 0.6141732283464567, "sadness_accuracy": 0.864406779661017, "sadness_precision": 0.47435897435897434, "sadness_recall": 0.37, "sadness_f1": 0.41573033707865165, "disgust_accuracy": 0.9361147327249022, "disgust_precision": 0.7525773195876289, "disgust_recall": 0.7448979591836735, "disgust_f1": 0.7487179487179487, "shame_accuracy": 0.8383311603650587, "shame_precision": 0.0, "shame_recall": 0.0, "shame_f1": 0.0, "guilt_accuracy": 0.8683181225554107, "guilt_precision": 0.8387096774193549, "guilt_recall": 0.21311475409836064, "guilt_f1": 0.33986928104575165}