{"accuracy": 0.07431551499348109, "macro_precision": 0.338265306122449, "macro_recall": 0.08127308066083576, "macro_f1": 0.12175975125290814, "micro_precision": 0.6477272727272727, "micro_recall": 0.07431551499348109, "micro_f1": 0.1333333333333333, "weighted_precision": 0.3083255727323524, "weighted_recall": 0.07431551499348109, "weighted_f1": 0.11132403285716477, "joy_accuracy": 0.8526727509778357, "joy_precision": 0.0, "joy_recall": 0.0, "joy_f1": 0.0, "fear_accuracy": 0.8852672750977836, "fear_precision": 0.85, "fear_recall": 0.16666666666666666, "fear_f1": 0.27868852459016397, "anger_accuracy": 0.8578878748370273, "anger_precision": 0.0, "anger_recall": 0.0, "anger_f1": 0.0, "sadness_accuracy": 0.8722294654498044, "sadness_precision": 0.5178571428571429, "sadness_recall": 0.29, "sadness_f1": 0.3717948717948718, "disgust_accuracy": 0.8865710560625815, "disgust_precision": 1.0, "disgust_recall": 0.11224489795918367, "disgust_f1": 0.20183486238532108, "shame_accuracy": 0.8383311603650587, "shame_precision": 0.0, "shame_recall": 0.0, "shame_f1": 0.0, "guilt_accuracy": 0.8409387222946545, "guilt_precision": 0.0, "guilt_recall": 0.0, "guilt_f1": 0.0}