{"accuracy": 0.5488917861799217, "macro_precision": 0.5961912288249253, "macro_recall": 0.6125159357015139, "macro_f1": 0.5971581801404781, "micro_precision": 0.5723039215686274, "micro_recall": 0.6088657105606258, "micro_f1": 0.5900189513581806, "weighted_precision": 0.5969095594112419, "weighted_recall": 0.6088657105606258, "weighted_f1": 0.5959048896114524, "joy_accuracy": 0.8565840938722294, "joy_precision": 0.5094339622641509, "joy_recall": 0.48214285714285715, "joy_f1": 0.4954128440366973, "fear_accuracy": 0.8617992177314211, "fear_precision": 0.48484848484848486, "fear_recall": 0.6274509803921569, "fear_f1": 0.5470085470085471, "anger_accuracy": 0.8813559322033898, "anger_precision": 0.5608108108108109, "anger_recall": 0.7614678899082569, "anger_f1": 0.6459143968871596, "sadness_accuracy": 0.8226857887874837, "sadness_precision": 0.3695652173913043, "sadness_recall": 0.51, "sadness_f1": 0.42857142857142855, "disgust_accuracy": 0.9661016949152542, "disgust_precision": 0.9390243902439024, "disgust_recall": 0.7857142857142857, "disgust_f1": 0.8555555555555556, "shame_accuracy": 0.8996088657105606, "shame_precision": 0.7155963302752294, "shame_recall": 0.6290322580645161, "shame_f1": 0.6695278969957081, "guilt_accuracy": 0.8657105606258149, "guilt_precision": 0.594059405940594, "guilt_recall": 0.4918032786885246, "guilt_f1": 0.5381165919282511}