{"accuracy": 0.05867014341590613, "macro_precision": 0.3257095941825006, "macro_recall": 0.06200986292288868, "macro_f1": 0.1004559014241148, "micro_precision": 0.8653846153846154, "micro_recall": 0.05867014341590613, "micro_f1": 0.10989010989010989, "weighted_precision": 0.3057890872034647, "weighted_recall": 0.05867014341590613, "weighted_f1": 0.09493579975278693, "joy_accuracy": 0.8539765319426337, "joy_precision": 0.0, "joy_recall": 0.0, "joy_f1": 0.0, "fear_accuracy": 0.8670143415906127, "fear_precision": 0.5, "fear_recall": 0.00980392156862745, "fear_f1": 0.019230769230769232, "anger_accuracy": 0.8826597131681877, "anger_precision": 0.8275862068965517, "anger_recall": 0.22018348623853212, "anger_f1": 0.34782608695652184, "sadness_accuracy": 0.8696219035202086, "sadness_precision": 0.0, "sadness_recall": 0.0, "sadness_f1": 0.0, "disgust_accuracy": 0.8970013037809648, "disgust_precision": 0.9523809523809523, "disgust_recall": 0.20408163265306123, "disgust_f1": 0.3361344537815126, "shame_accuracy": 0.8383311603650587, "shame_precision": 0.0, "shame_recall": 0.0, "shame_f1": 0.0, "guilt_accuracy": 0.8409387222946545, "guilt_precision": 0.0, "guilt_recall": 0.0, "guilt_f1": 0.0}