{"accuracy": 0.58595909342178, "macro_precision": 0.6391499623948944, "macro_recall": 0.7231506276734903, "macro_f1": 0.6778105660862754, "micro_precision": 0.6685142417244034, "micro_recall": 0.7447684391080618, "micro_f1": 0.7045841784989858, "weighted_precision": 0.6704614642423878, "weighted_recall": 0.7447684391080618, "weighted_f1": 0.7051366357180099, "ambiguous_accuracy": 0.8785701124009582, "ambiguous_precision": 0.5105140186915887, "ambiguous_recall": 0.6454948301329394, "ambiguous_f1": 0.5701239399869537, "negative_accuracy": 0.8411645476322093, "negative_precision": 0.6394700139470014, "negative_recall": 0.7266244057052298, "negative_f1": 0.6802670623145401, "neutral_accuracy": 0.767459001289847, "neutral_precision": 0.6415094339622641, "neutral_recall": 0.6659205372132065, "neutral_f1": 0.6534870950027457, "positive_accuracy": 0.841901603095633, "positive_precision": 0.7651063829787234, "positive_recall": 0.8545627376425855, "positive_f1": 0.807364167040862}