{"accuracy": 0.9545454545454546, "macro_precision": 0.9175791786734037, "macro_recall": 0.9411930469862364, "macro_f1": 0.9264254104481509, "micro_precision": 0.9508196721311475, "micro_recall": 0.9586776859504132, "micro_f1": 0.9547325102880658, "weighted_precision": 0.9531264058607123, "weighted_recall": 0.9586776859504132, "weighted_f1": 0.9546869526782046, "anger_accuracy": 0.9793388429752066, "anger_precision": 0.8936170212765957, "anger_recall": 1.0, "anger_f1": 0.9438202247191011, "disgust_accuracy": 0.9752066115702479, "disgust_precision": 0.8571428571428571, "disgust_recall": 0.75, "disgust_f1": 0.7999999999999999, "fear_accuracy": 0.9958677685950413, "fear_precision": 1.0, "fear_recall": 0.9767441860465116, "fear_f1": 0.988235294117647, "happy_accuracy": 0.987603305785124, "happy_precision": 0.9818181818181818, "happy_recall": 0.9642857142857143, "happy_f1": 0.972972972972973, "sad_accuracy": 0.987603305785124, "sad_precision": 0.9841269841269841, "sad_recall": 0.96875, "sad_f1": 0.9763779527559054, "shame_accuracy": 0.9917355371900827, "shame_precision": 0.9285714285714286, "shame_recall": 0.9285714285714286, "shame_f1": 0.9285714285714286, "surprise_accuracy": 0.9917355371900827, "surprise_precision": 0.7777777777777778, "surprise_recall": 1.0, "surprise_f1": 0.8750000000000001}