{"accuracy": 0.9545454545454546, "macro_precision": 0.9348433312719028, "macro_recall": 0.9655340333807941, "macro_f1": 0.9473443919807882, "micro_precision": 0.9551020408163265, "micro_recall": 0.9669421487603306, "micro_f1": 0.9609856262833676, "weighted_precision": 0.9574087987311128, "weighted_recall": 0.9669421487603306, "weighted_f1": 0.9613032674049049, "anger_accuracy": 0.9834710743801653, "anger_precision": 0.9318181818181818, "anger_recall": 0.9761904761904762, "anger_f1": 0.9534883720930233, "disgust_accuracy": 0.9917355371900827, "disgust_precision": 1.0, "disgust_recall": 0.875, "disgust_f1": 0.9333333333333333, "fear_accuracy": 0.987603305785124, "fear_precision": 0.9545454545454546, "fear_recall": 0.9767441860465116, "fear_f1": 0.9655172413793104, "happy_accuracy": 0.9752066115702479, "happy_precision": 0.9464285714285714, "happy_recall": 0.9464285714285714, "happy_f1": 0.9464285714285714, "sad_accuracy": 0.9958677685950413, "sad_precision": 1.0, "sad_recall": 0.984375, "sad_f1": 0.9921259842519685, "shame_accuracy": 0.9958677685950413, "shame_precision": 0.9333333333333333, "shame_recall": 1.0, "shame_f1": 0.9655172413793104, "surprise_accuracy": 0.9917355371900827, "surprise_precision": 0.7777777777777778, "surprise_recall": 1.0, "surprise_f1": 0.8750000000000001}