{"accuracy": 0.45867768595041325, "macro_precision": 0.47452228399665514, "macro_recall": 0.2990824236671413, "macro_f1": 0.32652635032170146, "micro_precision": 0.7832167832167832, "micro_recall": 0.4628099173553719, "micro_f1": 0.5818181818181819, "weighted_precision": 0.7042440847182617, "weighted_recall": 0.4628099173553719, "weighted_f1": 0.50720191964706, "anger_accuracy": 0.8801652892561983, "anger_precision": 0.6511627906976745, "anger_recall": 0.6666666666666666, "anger_f1": 0.6588235294117646, "disgust_accuracy": 0.9338842975206612, "disgust_precision": 0.0, "disgust_recall": 0.0, "disgust_f1": 0.0, "fear_accuracy": 0.8347107438016529, "fear_precision": 1.0, "fear_recall": 0.06976744186046512, "fear_f1": 0.13043478260869565, "happy_accuracy": 0.9090909090909091, "happy_precision": 0.8541666666666666, "happy_recall": 0.7321428571428571, "happy_f1": 0.7884615384615384, "sad_accuracy": 0.8636363636363636, "sad_precision": 0.8163265306122449, "sad_recall": 0.625, "sad_f1": 0.7079646017699115, "shame_accuracy": 0.9421487603305785, "shame_precision": 0.0, "shame_recall": 0.0, "shame_f1": 0.0, "surprise_accuracy": 0.9710743801652892, "surprise_precision": 0.0, "surprise_recall": 0.0, "surprise_f1": 0.0}