{"accuracy": 0.4793388429752066, "macro_precision": 0.4311785153621888, "macro_recall": 0.4204561184939091, "macro_f1": 0.4202426774950717, "micro_precision": 0.6964285714285714, "micro_recall": 0.4834710743801653, "micro_f1": 0.5707317073170731, "weighted_precision": 0.4854934027011949, "weighted_recall": 0.4834710743801653, "weighted_f1": 0.4784583033158745, "anger_accuracy": 0.9008264462809917, "anger_precision": 0.6607142857142857, "anger_recall": 0.8809523809523809, "anger_f1": 0.7551020408163266, "disgust_accuracy": 0.9338842975206612, "disgust_precision": 0.0, "disgust_recall": 0.0, "disgust_f1": 0.0, "fear_accuracy": 0.8347107438016529, "fear_precision": 0.5306122448979592, "fear_recall": 0.6046511627906976, "fear_f1": 0.5652173913043479, "happy_accuracy": 0.768595041322314, "happy_precision": 0.0, "happy_recall": 0.0, "happy_f1": 0.0, "sad_accuracy": 0.8760330578512396, "sad_precision": 0.8269230769230769, "sad_recall": 0.671875, "sad_f1": 0.7413793103448276, "shame_accuracy": 0.987603305785124, "shame_precision": 1.0, "shame_recall": 0.7857142857142857, "shame_f1": 0.88, "surprise_accuracy": 0.9710743801652892, "surprise_precision": 0.0, "surprise_recall": 0.0, "surprise_f1": 0.0}