{"accuracy": 0.09917355371900827, "macro_precision": 0.07453416149068323, "macro_recall": 0.08163265306122448, "macro_f1": 0.07792207792207792, "micro_precision": 0.5217391304347826, "micro_recall": 0.09917355371900827, "micro_f1": 0.16666666666666666, "weighted_precision": 0.09054976643909449, "weighted_recall": 0.09917355371900827, "weighted_f1": 0.09466566491359879, "anger_accuracy": 0.8347107438016529, "anger_precision": 0.5217391304347826, "anger_recall": 0.5714285714285714, "anger_f1": 0.5454545454545454, "disgust_accuracy": 0.9338842975206612, "disgust_precision": 0.0, "disgust_recall": 0.0, "disgust_f1": 0.0, "fear_accuracy": 0.8223140495867769, "fear_precision": 0.0, "fear_recall": 0.0, "fear_f1": 0.0, "happy_accuracy": 0.768595041322314, "happy_precision": 0.0, "happy_recall": 0.0, "happy_f1": 0.0, "sad_accuracy": 0.7355371900826446, "sad_precision": 0.0, "sad_recall": 0.0, "sad_f1": 0.0, "shame_accuracy": 0.9421487603305785, "shame_precision": 0.0, "shame_recall": 0.0, "shame_f1": 0.0, "surprise_accuracy": 0.9710743801652892, "surprise_precision": 0.0, "surprise_recall": 0.0, "surprise_f1": 0.0}