{"accuracy": 0.5413223140495868, "macro_precision": 0.5350911195342187, "macro_recall": 0.3784310235722196, "macro_f1": 0.3939408903321297, "micro_precision": 0.7430167597765364, "micro_recall": 0.5495867768595041, "micro_f1": 0.6318289786223278, "weighted_precision": 0.6262922712530501, "weighted_recall": 0.5495867768595041, "weighted_f1": 0.5575188854013687, "anger_accuracy": 0.9008264462809917, "anger_precision": 0.6607142857142857, "anger_recall": 0.8809523809523809, "anger_f1": 0.7551020408163266, "disgust_accuracy": 0.9338842975206612, "disgust_precision": 0.0, "disgust_recall": 0.0, "disgust_f1": 0.0, "fear_accuracy": 0.8181818181818182, "fear_precision": 0.45454545454545453, "fear_recall": 0.11627906976744186, "fear_f1": 0.18518518518518515, "happy_accuracy": 0.9338842975206612, "happy_precision": 0.8846153846153846, "happy_recall": 0.8214285714285714, "happy_f1": 0.8518518518518519, "sad_accuracy": 0.8553719008264463, "sad_precision": 0.7457627118644068, "sad_recall": 0.6875, "sad_f1": 0.7154471544715446, "shame_accuracy": 0.9421487603305785, "shame_precision": 0.0, "shame_recall": 0.0, "shame_f1": 0.0, "surprise_accuracy": 0.9752066115702479, "surprise_precision": 1.0, "surprise_recall": 0.14285714285714285, "surprise_f1": 0.25}