{"accuracy": 0.004132231404958678, "macro_precision": 0.047619047619047616, "macro_recall": 0.0033222591362126247, "macro_f1": 0.006211180124223603, "micro_precision": 0.14285714285714285, "micro_recall": 0.004132231404958678, "micro_f1": 0.008032128514056226, "weighted_precision": 0.05922865013774104, "weighted_recall": 0.004132231404958678, "weighted_f1": 0.007725476104922747, "anger_accuracy": 0.8264462809917356, "anger_precision": 0.0, "anger_recall": 0.0, "anger_f1": 0.0, "disgust_accuracy": 0.9338842975206612, "disgust_precision": 0.0, "disgust_recall": 0.0, "disgust_f1": 0.0, "fear_accuracy": 0.8181818181818182, "fear_precision": 0.3333333333333333, "fear_recall": 0.023255813953488372, "fear_f1": 0.04347826086956522, "happy_accuracy": 0.768595041322314, "happy_precision": 0.0, "happy_recall": 0.0, "happy_f1": 0.0, "sad_accuracy": 0.71900826446281, "sad_precision": 0.0, "sad_recall": 0.0, "sad_f1": 0.0, "shame_accuracy": 0.9421487603305785, "shame_precision": 0.0, "shame_recall": 0.0, "shame_f1": 0.0, "surprise_accuracy": 0.9710743801652892, "surprise_precision": 0.0, "surprise_recall": 0.0, "surprise_f1": 0.0}