{"accuracy": 0.8264462809917356, "macro_precision": 0.6890093889435225, "macro_recall": 0.7864039511153298, "macro_f1": 0.7320948386624012, "micro_precision": 0.8132295719844358, "micro_recall": 0.8636363636363636, "micro_f1": 0.837675350701403, "weighted_precision": 0.7675717797584753, "weighted_recall": 0.8636363636363636, "weighted_f1": 0.8103667523770616, "anger_accuracy": 0.9214876033057852, "anger_precision": 0.7090909090909091, "anger_recall": 0.9285714285714286, "anger_f1": 0.8041237113402062, "disgust_accuracy": 0.9338842975206612, "disgust_precision": 0.0, "disgust_recall": 0.0, "disgust_f1": 0.0, "fear_accuracy": 0.9380165289256198, "fear_precision": 0.7592592592592593, "fear_recall": 0.9534883720930233, "fear_f1": 0.845360824742268, "happy_accuracy": 0.9545454545454546, "happy_precision": 0.8688524590163934, "happy_recall": 0.9464285714285714, "happy_f1": 0.9059829059829059, "sad_accuracy": 0.9421487603305785, "sad_precision": 0.890625, "sad_recall": 0.890625, "sad_f1": 0.890625, "shame_accuracy": 0.9917355371900827, "shame_precision": 0.9285714285714286, "shame_recall": 0.9285714285714286, "shame_f1": 0.9285714285714286, "surprise_accuracy": 0.9834710743801653, "surprise_precision": 0.6666666666666666, "surprise_recall": 0.8571428571428571, "surprise_f1": 0.75}