{"accuracy": 0.9132231404958677, "macro_precision": 0.882432257724295, "macro_recall": 0.8937865844012023, "macro_f1": 0.8656887965604287, "micro_precision": 0.9183673469387755, "micro_recall": 0.9297520661157025, "micro_f1": 0.9240246406570842, "weighted_precision": 0.9414345063538612, "weighted_recall": 0.9297520661157025, "weighted_f1": 0.9285568667850255, "anger_accuracy": 0.9793388429752066, "anger_precision": 0.9111111111111111, "anger_recall": 0.9761904761904762, "anger_f1": 0.9425287356321839, "disgust_accuracy": 0.9710743801652892, "disgust_precision": 1.0, "disgust_recall": 0.5625, "disgust_f1": 0.72, "fear_accuracy": 0.9917355371900827, "fear_precision": 0.9767441860465116, "fear_recall": 0.9767441860465116, "fear_f1": 0.9767441860465116, "happy_accuracy": 0.9752066115702479, "happy_precision": 0.9464285714285714, "happy_recall": 0.9464285714285714, "happy_f1": 0.9464285714285714, "sad_accuracy": 0.9752066115702479, "sad_precision": 0.967741935483871, "sad_recall": 0.9375, "sad_f1": 0.9523809523809523, "shame_accuracy": 1.0, "shame_precision": 1.0, "shame_recall": 1.0, "shame_f1": 1.0, "surprise_accuracy": 0.9545454545454546, "surprise_precision": 0.375, "surprise_recall": 0.8571428571428571, "surprise_f1": 0.5217391304347825}