{"accuracy": 0.9008264462809917, "macro_precision": 0.8923533471359558, "macro_recall": 0.867453231292517, "macro_f1": 0.85665283863198, "micro_precision": 0.8951612903225806, "micro_recall": 0.9173553719008265, "micro_f1": 0.9061224489795918, "weighted_precision": 0.9030993731784245, "weighted_recall": 0.9173553719008265, "weighted_f1": 0.8988062680513115, "anger_accuracy": 0.9752066115702479, "anger_precision": 0.8913043478260869, "anger_recall": 0.9761904761904762, "anger_f1": 0.9318181818181818, "disgust_accuracy": 0.9586776859504132, "disgust_precision": 1.0, "disgust_recall": 0.375, "disgust_f1": 0.5454545454545454, "fear_accuracy": 0.9710743801652892, "fear_precision": 0.86, "fear_recall": 1.0, "fear_f1": 0.924731182795699, "happy_accuracy": 0.9669421487603306, "happy_precision": 0.9444444444444444, "happy_recall": 0.9107142857142857, "happy_f1": 0.9272727272727271, "sad_accuracy": 0.9545454545454546, "sad_precision": 0.8840579710144928, "sad_recall": 0.953125, "sad_f1": 0.9172932330827068, "shame_accuracy": 1.0, "shame_precision": 1.0, "shame_recall": 1.0, "shame_f1": 1.0, "surprise_accuracy": 0.9834710743801653, "surprise_precision": 0.6666666666666666, "surprise_recall": 0.8571428571428571, "surprise_f1": 0.75}