{"accuracy": 0.359504132231405, "macro_precision": 0.47105090311986864, "macro_recall": 0.22507564072140482, "macro_f1": 0.26886744601419743, "micro_precision": 0.75, "micro_recall": 0.359504132231405, "micro_f1": 0.48603351955307267, "weighted_precision": 0.6970893891897028, "weighted_recall": 0.359504132231405, "weighted_f1": 0.4243399951631747, "anger_accuracy": 0.8553719008264463, "anger_precision": 0.6206896551724138, "anger_recall": 0.42857142857142855, "anger_f1": 0.5070422535211268, "disgust_accuracy": 0.9338842975206612, "disgust_precision": 0.0, "disgust_recall": 0.0, "disgust_f1": 0.0, "fear_accuracy": 0.8305785123966942, "fear_precision": 1.0, "fear_recall": 0.046511627906976744, "fear_f1": 0.08888888888888888, "happy_accuracy": 0.8636363636363636, "happy_precision": 0.96, "happy_recall": 0.42857142857142855, "happy_f1": 0.5925925925925924, "sad_accuracy": 0.8429752066115702, "sad_precision": 0.7166666666666667, "sad_recall": 0.671875, "sad_f1": 0.6935483870967741, "shame_accuracy": 0.9421487603305785, "shame_precision": 0.0, "shame_recall": 0.0, "shame_f1": 0.0, "surprise_accuracy": 0.9710743801652892, "surprise_precision": 0.0, "surprise_recall": 0.0, "surprise_f1": 0.0}