{"accuracy": 0.9752066115702479, "macro_precision": 0.9657830264973123, "macro_recall": 0.9626641354216107, "macro_f1": 0.9639874029131532, "micro_precision": 0.9711934156378601, "micro_recall": 0.9752066115702479, "micro_f1": 0.9731958762886598, "weighted_precision": 0.971425956963147, "weighted_recall": 0.9752066115702479, "weighted_f1": 0.9731244551536523, "anger_accuracy": 0.9834710743801653, "anger_precision": 0.9318181818181818, "anger_recall": 0.9761904761904762, "anger_f1": 0.9534883720930233, "disgust_accuracy": 0.987603305785124, "disgust_precision": 0.9333333333333333, "disgust_recall": 0.875, "disgust_f1": 0.9032258064516129, "fear_accuracy": 0.9958677685950413, "fear_precision": 1.0, "fear_recall": 0.9767441860465116, "fear_f1": 0.988235294117647, "happy_accuracy": 0.9917355371900827, "happy_precision": 0.9821428571428571, "happy_recall": 0.9821428571428571, "happy_f1": 0.9821428571428571, "sad_accuracy": 0.9958677685950413, "sad_precision": 0.9846153846153847, "sad_recall": 1.0, "sad_f1": 0.9922480620155039, "shame_accuracy": 0.9917355371900827, "shame_precision": 0.9285714285714286, "shame_recall": 0.9285714285714286, "shame_f1": 0.9285714285714286, "surprise_accuracy": 1.0, "surprise_precision": 1.0, "surprise_recall": 1.0, "surprise_f1": 1.0}