{"accuracy": 0.6033057851239669, "macro_precision": 0.7307692307692308, "macro_recall": 0.47184731450719813, "macro_f1": 0.5325964396237399, "micro_precision": 0.7680412371134021, "micro_recall": 0.6157024793388429, "micro_f1": 0.6834862385321101, "weighted_precision": 0.7424242424242425, "weighted_recall": 0.6157024793388429, "weighted_f1": 0.6550925127567784, "anger_accuracy": 0.8842975206611571, "anger_precision": 0.6666666666666666, "anger_recall": 0.6666666666666666, "anger_f1": 0.6666666666666666, "disgust_accuracy": 0.9338842975206612, "disgust_precision": 0.0, "disgust_recall": 0.0, "disgust_f1": 0.0, "fear_accuracy": 0.9132231404958677, "fear_precision": 0.9230769230769231, "fear_recall": 0.5581395348837209, "fear_f1": 0.6956521739130436, "happy_accuracy": 0.9173553719008265, "happy_precision": 0.8333333333333334, "happy_recall": 0.8035714285714286, "happy_f1": 0.8181818181818182, "sad_accuracy": 0.8388429752066116, "sad_precision": 0.6923076923076923, "sad_recall": 0.703125, "sad_f1": 0.6976744186046512, "shame_accuracy": 0.9669421487603306, "shame_precision": 1.0, "shame_recall": 0.42857142857142855, "shame_f1": 0.6, "surprise_accuracy": 0.9752066115702479, "surprise_precision": 1.0, "surprise_recall": 0.14285714285714285, "surprise_f1": 0.25}