{"accuracy": 0.9834710743801653, "macro_precision": 0.9658954279386174, "macro_recall": 0.9881743395032432, "macro_f1": 0.9762290598239735, "micro_precision": 0.9834710743801653, "micro_recall": 0.9834710743801653, "micro_f1": 0.9834710743801653, "weighted_precision": 0.9842630853994491, "weighted_recall": 0.9834710743801653, "weighted_f1": 0.9836049293159582, "anger_accuracy": 0.9917355371900827, "anger_precision": 0.9761904761904762, "anger_recall": 0.9761904761904762, "anger_f1": 0.9761904761904762, "disgust_accuracy": 1.0, "disgust_precision": 1.0, "disgust_recall": 1.0, "disgust_f1": 1.0, "fear_accuracy": 0.9917355371900827, "fear_precision": 0.9767441860465116, "fear_recall": 0.9767441860465116, "fear_f1": 0.9767441860465116, "happy_accuracy": 0.9917355371900827, "happy_precision": 1.0, "happy_recall": 0.9642857142857143, "happy_f1": 0.9818181818181818, "sad_accuracy": 1.0, "sad_precision": 1.0, "sad_recall": 1.0, "sad_f1": 1.0, "shame_accuracy": 0.9958677685950413, "shame_precision": 0.9333333333333333, "shame_recall": 1.0, "shame_f1": 0.9655172413793104, "surprise_accuracy": 0.9958677685950413, "surprise_precision": 0.875, "surprise_recall": 1.0, "surprise_f1": 0.9333333333333333}