{"accuracy": 0.4852801519468186, "macro_precision": 0.38225802521404617, "macro_recall": 0.3925989433757482, "macro_f1": 0.3722230449954855, "micro_precision": 0.5228197017623136, "micro_recall": 0.5493827160493827, "micro_f1": 0.5357721694836768, "weighted_precision": 0.4805037252319309, "weighted_recall": 0.5493827160493827, "weighted_f1": 0.5055400229047396, "anger_accuracy": 0.9150047483380817, "anger_precision": 0.0, "anger_recall": 0.0, "anger_f1": 0.0, "disgust_accuracy": 0.9586894586894587, "disgust_precision": 0.25, "disgust_recall": 0.06493506493506493, "disgust_f1": 0.10309278350515462, "fear_accuracy": 0.8827160493827161, "fear_precision": 0.5772727272727273, "fear_recall": 0.45195729537366547, "fear_f1": 0.5069860279441117, "joy_accuracy": 0.7426400759734093, "joy_precision": 0.6364583333333333, "joy_recall": 0.7599502487562189, "joy_f1": 0.6927437641723356, "sadness_accuracy": 0.7545109211775879, "sadness_precision": 0.38617200674536256, "sadness_recall": 0.599476439790576, "sadness_f1": 0.46974358974358976, "surprise_accuracy": 0.7943969610636278, "surprise_precision": 0.44364508393285373, "surprise_recall": 0.4792746113989637, "surprise_f1": 0.460772104607721}