{"accuracy": 0.4952516619183286, "macro_precision": 0.4937622192360016, "macro_recall": 0.44650053154527924, "macro_f1": 0.43831244747927417, "micro_precision": 0.5317740511915269, "micro_recall": 0.5721747388414055, "micro_f1": 0.5512351326623971, "weighted_precision": 0.5284681926882724, "weighted_recall": 0.5721747388414055, "weighted_f1": 0.5388717414149443, "anger_accuracy": 0.9112060778727445, "anger_precision": 0.46099290780141844, "anger_recall": 0.3693181818181818, "anger_f1": 0.4100946372239748, "disgust_accuracy": 0.9629629629629629, "disgust_precision": 0.42857142857142855, "disgust_recall": 0.03896103896103896, "disgust_f1": 0.07142857142857142, "fear_accuracy": 0.8850902184235517, "fear_precision": 0.5851528384279476, "fear_recall": 0.47686832740213525, "fear_f1": 0.5254901960784314, "joy_accuracy": 0.7336182336182336, "joy_precision": 0.6264308012486993, "joy_recall": 0.7487562189054726, "joy_f1": 0.6821529745042493, "sadness_accuracy": 0.7901234567901234, "sadness_precision": 0.4423076923076923, "sadness_recall": 0.6020942408376964, "sadness_f1": 0.5099778270509977, "surprise_accuracy": 0.785375118708452, "surprise_precision": 0.41911764705882354, "surprise_recall": 0.4430051813471503, "surprise_f1": 0.43073047858942065}