{"accuracy": 0.3475783475783476, "macro_precision": 0.21718942248232512, "macro_recall": 0.1755169425458588, "macro_f1": 0.13294962799024768, "micro_precision": 0.41368421052631577, "micro_recall": 0.3732193732193732, "micro_f1": 0.3924113829256115, "weighted_precision": 0.31818228347448485, "weighted_recall": 0.3732193732193732, "weighted_f1": 0.25709299474440017, "anger_accuracy": 0.9164292497625831, "anger_precision": 0.0, "anger_recall": 0.0, "anger_f1": 0.0, "disgust_accuracy": 0.9634377967711301, "disgust_precision": 0.0, "disgust_recall": 0.0, "disgust_f1": 0.0, "fear_accuracy": 0.8665716999050332, "fear_precision": 0.0, "fear_recall": 0.0, "fear_f1": 0.0, "joy_accuracy": 0.456315289648623, "joy_precision": 0.4054353854686633, "joy_recall": 0.9092039800995025, "joy_f1": 0.5607978519370924, "sadness_accuracy": 0.8266856600189934, "sadness_precision": 0.5977011494252874, "sadness_recall": 0.13612565445026178, "sadness_f1": 0.22174840085287847, "surprise_accuracy": 0.8148148148148148, "surprise_precision": 0.3, "surprise_recall": 0.007772020725388601, "surprise_f1": 0.015151515151515152}