{"accuracy": 0.39173789173789175, "macro_precision": 0.21379365765526112, "macro_recall": 0.17727102827829763, "macro_f1": 0.11365629299686586, "micro_precision": 0.3932477413219211, "micro_recall": 0.392687559354226, "micro_f1": 0.3929674507008791, "weighted_precision": 0.3117673237603629, "weighted_recall": 0.392687559354226, "weighted_f1": 0.23547106068491125, "anger_accuracy": 0.9164292497625831, "anger_precision": 0.0, "anger_recall": 0.0, "anger_f1": 0.0, "disgust_accuracy": 0.9634377967711301, "disgust_precision": 0.0, "disgust_recall": 0.0, "disgust_f1": 0.0, "fear_accuracy": 0.8665716999050332, "fear_precision": 0.0, "fear_recall": 0.0, "fear_f1": 0.0, "joy_accuracy": 0.39411206077872746, "joy_precision": 0.3862102217936355, "joy_recall": 0.996268656716418, "joy_f1": 0.5566365531619181, "sadness_accuracy": 0.818613485280152, "sadness_precision": 0.0, "sadness_recall": 0.0, "sadness_f1": 0.0, "surprise_accuracy": 0.8276353276353277, "surprise_precision": 0.896551724137931, "surprise_recall": 0.06735751295336788, "surprise_f1": 0.12530120481927712}