{"accuracy": 0.04843304843304843, "macro_precision": 0.05647840531561462, "macro_recall": 0.021144278606965175, "macro_f1": 0.03076923076923077, "micro_precision": 0.3388704318936877, "micro_recall": 0.04843304843304843, "micro_f1": 0.08475280432073119, "weighted_precision": 0.12936933867166425, "weighted_recall": 0.04843304843304843, "weighted_f1": 0.07047994740302434, "anger_accuracy": 0.9164292497625831, "anger_precision": 0.0, "anger_recall": 0.0, "anger_f1": 0.0, "disgust_accuracy": 0.9634377967711301, "disgust_precision": 0.0, "disgust_recall": 0.0, "disgust_f1": 0.0, "fear_accuracy": 0.8665716999050332, "fear_precision": 0.0, "fear_recall": 0.0, "fear_f1": 0.0, "joy_accuracy": 0.5721747388414055, "joy_precision": 0.3388704318936877, "joy_recall": 0.12686567164179105, "joy_f1": 0.18461538461538463, "sadness_accuracy": 0.818613485280152, "sadness_precision": 0.0, "sadness_recall": 0.0, "sadness_f1": 0.0, "surprise_accuracy": 0.8167141500474834, "surprise_precision": 0.0, "surprise_recall": 0.0, "surprise_f1": 0.0}