{"accuracy": 0.335707502374169, "macro_precision": 0.3479203726910333, "macro_recall": 0.19768040403622167, "macro_f1": 0.16374862204321639, "micro_precision": 0.42805005213764336, "micro_recall": 0.3898385565052232, "micro_f1": 0.408051689860835, "weighted_precision": 0.4307831172787468, "weighted_recall": 0.3898385565052232, "weighted_f1": 0.2943049412210956, "anger_accuracy": 0.9164292497625831, "anger_precision": 0.0, "anger_recall": 0.0, "anger_f1": 0.0, "disgust_accuracy": 0.9634377967711301, "disgust_precision": 0.0, "disgust_recall": 0.0, "disgust_f1": 0.0, "fear_accuracy": 0.8675213675213675, "fear_precision": 0.75, "fear_recall": 0.010676156583629894, "fear_f1": 0.02105263157894737, "joy_accuracy": 0.5208926875593543, "joy_precision": 0.4362165525824518, "joy_recall": 0.8718905472636815, "joy_f1": 0.5815014516798009, "sadness_accuracy": 0.8195631528964862, "sadness_precision": 0.5357142857142857, "sadness_recall": 0.03926701570680628, "sadness_f1": 0.07317073170731707, "surprise_accuracy": 0.7811016144349477, "surprise_precision": 0.3655913978494624, "surprise_recall": 0.26424870466321243, "surprise_f1": 0.3067669172932331}