{"accuracy": 0.24786324786324787, "macro_precision": 0.15149136577708008, "macro_recall": 0.10859477818499436, "macro_f1": 0.08475180561176543, "micro_precision": 0.40654205607476634, "micro_recall": 0.24786324786324787, "micro_f1": 0.3079646017699115, "weighted_precision": 0.22283682265367247, "weighted_recall": 0.24786324786324787, "weighted_f1": 0.1923773016129874, "anger_accuracy": 0.9164292497625831, "anger_precision": 0.0, "anger_recall": 0.0, "anger_f1": 0.0, "disgust_accuracy": 0.9634377967711301, "disgust_precision": 0.0, "disgust_recall": 0.0, "disgust_f1": 0.0, "fear_accuracy": 0.8665716999050332, "fear_precision": 0.5, "fear_recall": 0.0035587188612099642, "fear_f1": 0.007067137809187279, "joy_accuracy": 0.5080721747388414, "joy_precision": 0.4089481946624804, "joy_recall": 0.6480099502487562, "joy_f1": 0.5014436958614052, "sadness_accuracy": 0.818613485280152, "sadness_precision": 0.0, "sadness_recall": 0.0, "sadness_f1": 0.0, "surprise_accuracy": 0.8129154795821463, "surprise_precision": 0.0, "surprise_recall": 0.0, "surprise_f1": 0.0}