{"accuracy": 0.3637226970560304, "macro_precision": 0.2336309523809524, "macro_recall": 0.1598774263398036, "macro_f1": 0.09673612983334157, "micro_precision": 0.40272679601468275, "micro_recall": 0.3646723646723647, "micro_f1": 0.38275604286070275, "weighted_precision": 0.33667412834079496, "weighted_recall": 0.3646723646723647, "weighted_f1": 0.21852221725775473, "anger_accuracy": 0.9164292497625831, "anger_precision": 0.0, "anger_recall": 0.0, "anger_f1": 0.0, "disgust_accuracy": 0.9634377967711301, "disgust_precision": 0.0, "disgust_recall": 0.0, "disgust_f1": 0.0, "fear_accuracy": 0.8665716999050332, "fear_precision": 0.0, "fear_recall": 0.0, "fear_f1": 0.0, "joy_accuracy": 0.4406457739791073, "joy_precision": 0.4017857142857143, "joy_recall": 0.9514925373134329, "joy_f1": 0.5649926144756278, "sadness_accuracy": 0.818613485280152, "sadness_precision": 0.0, "sadness_recall": 0.0, "sadness_f1": 0.0, "surprise_accuracy": 0.8181386514719848, "surprise_precision": 1.0, "surprise_recall": 0.007772020725388601, "surprise_f1": 0.015424164524421594}