{"accuracy": 0.40028490028490027, "macro_precision": 0.34764224902147545, "macro_recall": 0.2500195880406443, "macro_f1": 0.2422653531427171, "micro_precision": 0.46580129805292064, "micro_recall": 0.443019943019943, "micro_f1": 0.45412509126308104, "weighted_precision": 0.43705039897820636, "weighted_recall": 0.443019943019943, "weighted_f1": 0.36625313159033274, "anger_accuracy": 0.9164292497625831, "anger_precision": 0.0, "anger_recall": 0.0, "anger_f1": 0.0, "disgust_accuracy": 0.9634377967711301, "disgust_precision": 0.0, "disgust_recall": 0.0, "disgust_f1": 0.0, "fear_accuracy": 0.8850902184235517, "fear_precision": 0.6695652173913044, "fear_recall": 0.27402135231316727, "fear_f1": 0.3888888888888889, "joy_accuracy": 0.5379867046533713, "joy_precision": 0.4485696895922094, "joy_recall": 0.9166666666666666, "joy_f1": 0.6023702492848385, "sadness_accuracy": 0.8167141500474834, "sadness_precision": 0.4772727272727273, "sadness_recall": 0.1099476439790576, "sadness_f1": 0.17872340425531916, "surprise_accuracy": 0.8152896486229819, "surprise_precision": 0.49044585987261147, "surprise_recall": 0.19948186528497408, "surprise_f1": 0.283609576427256}