{"accuracy": 0.33238366571699907, "macro_precision": 0.22472111651678217, "macro_recall": 0.162665808799729, "macro_f1": 0.11729010905498305, "micro_precision": 0.38489394723228143, "micro_recall": 0.35327635327635326, "micro_f1": 0.3684080217875712, "weighted_precision": 0.32141209960267403, "weighted_recall": 0.35327635327635326, "weighted_f1": 0.23400190920505337, "anger_accuracy": 0.9164292497625831, "anger_precision": 0.0, "anger_recall": 0.0, "anger_f1": 0.0, "disgust_accuracy": 0.9634377967711301, "disgust_precision": 0.0, "disgust_recall": 0.0, "disgust_f1": 0.0, "fear_accuracy": 0.8665716999050332, "fear_precision": 0.0, "fear_recall": 0.0, "fear_f1": 0.0, "joy_accuracy": 0.40550807217473883, "joy_precision": 0.37969924812030076, "joy_recall": 0.8793532338308457, "joy_f1": 0.5303825956489122, "sadness_accuracy": 0.8219373219373219, "sadness_precision": 0.5686274509803921, "sadness_recall": 0.07591623036649214, "sadness_f1": 0.1339491916859122, "surprise_accuracy": 0.8148148148148148, "surprise_precision": 0.4, "surprise_recall": 0.02072538860103627, "surprise_f1": 0.03940886699507389}