{"accuracy": 0.4586894586894587, "macro_precision": 0.3731405242221053, "macro_recall": 0.3892139465827446, "macro_f1": 0.3784068166985823, "micro_precision": 0.4982046678635548, "micro_recall": 0.5270655270655271, "micro_f1": 0.5122288878634057, "weighted_precision": 0.468430664991245, "weighted_recall": 0.5270655270655271, "weighted_f1": 0.4933367851070828, "anger_accuracy": 0.8950617283950617, "anger_precision": 0.3282442748091603, "anger_recall": 0.24431818181818182, "anger_f1": 0.2801302931596091, "disgust_accuracy": 0.9629629629629629, "disgust_precision": 0.0, "disgust_recall": 0.0, "disgust_f1": 0.0, "fear_accuracy": 0.869420702754036, "fear_precision": 0.5107142857142857, "fear_recall": 0.5088967971530249, "fear_f1": 0.5098039215686274, "joy_accuracy": 0.7060778727445394, "joy_precision": 0.5900681596884129, "joy_recall": 0.753731343283582, "joy_f1": 0.6619333697433097, "sadness_accuracy": 0.7981956315289649, "sadness_precision": 0.44266666666666665, "sadness_recall": 0.43455497382198954, "sadness_f1": 0.4385733157199472, "surprise_accuracy": 0.7644824311490979, "surprise_precision": 0.3671497584541063, "surprise_recall": 0.39378238341968913, "surprise_f1": 0.38}