{"accuracy": 0.43067426400759734, "macro_precision": 0.3551642606441243, "macro_recall": 0.27149931213632156, "macro_f1": 0.2886421312160074, "micro_precision": 0.540745052386496, "micro_recall": 0.44112060778727447, "micro_f1": 0.4858786610878661, "weighted_precision": 0.4745900231991481, "weighted_recall": 0.44112060778727447, "weighted_f1": 0.4332968565984603, "anger_accuracy": 0.9164292497625831, "anger_precision": 0.0, "anger_recall": 0.0, "anger_f1": 0.0, "disgust_accuracy": 0.9634377967711301, "disgust_precision": 0.0, "disgust_recall": 0.0, "disgust_f1": 0.0, "fear_accuracy": 0.8850902184235517, "fear_precision": 0.6893203883495146, "fear_recall": 0.2526690391459075, "fear_f1": 0.3697916666666667, "joy_accuracy": 0.717948717948718, "joy_precision": 0.5998098859315589, "joy_recall": 0.7848258706467661, "joy_f1": 0.6799568965517241, "sadness_accuracy": 0.7692307692307693, "sadness_precision": 0.3539325842696629, "sadness_recall": 0.3298429319371728, "sadness_f1": 0.3414634146341463, "surprise_accuracy": 0.8143399810066477, "surprise_precision": 0.48792270531400966, "surprise_recall": 0.2616580310880829, "surprise_f1": 0.34064080944350755}