{"accuracy": 0.5921177587844254, "macro_precision": 0.5524391453460706, "macro_recall": 0.5989309230417704, "macro_f1": 0.5732516051538398, "micro_precision": 0.6091219096334186, "micro_recall": 0.6785375118708452, "micro_f1": 0.6419586702605571, "weighted_precision": 0.6089622581534951, "weighted_recall": 0.6785375118708452, "weighted_f1": 0.6411478212334266, "anger_accuracy": 0.9116809116809117, "anger_precision": 0.47282608695652173, "anger_recall": 0.4943181818181818, "anger_f1": 0.4833333333333333, "disgust_accuracy": 0.9586894586894587, "disgust_precision": 0.42424242424242425, "disgust_recall": 0.36363636363636365, "disgust_f1": 0.3916083916083916, "fear_accuracy": 0.8941120607787274, "fear_precision": 0.5947712418300654, "fear_recall": 0.6476868327402135, "fear_f1": 0.6201022146507666, "joy_accuracy": 0.7977207977207977, "joy_precision": 0.7133182844243793, "joy_recall": 0.7860696517412935, "joy_f1": 0.7479289940828402, "sadness_accuracy": 0.8490028490028491, "sadness_precision": 0.5765550239234449, "sadness_recall": 0.6308900523560209, "sadness_f1": 0.6025, "surprise_accuracy": 0.8319088319088319, "surprise_precision": 0.5329218106995884, "surprise_recall": 0.6709844559585493, "surprise_f1": 0.5940366972477065}