{"accuracy": 0.5916429249762583, "macro_precision": 0.5632314209836913, "macro_recall": 0.6032494402328193, "macro_f1": 0.5814629678841537, "micro_precision": 0.6162185602775369, "micro_recall": 0.6747388414055081, "micro_f1": 0.6441523118766999, "weighted_precision": 0.6158077617658734, "weighted_recall": 0.6747388414055081, "weighted_f1": 0.6432216391242429, "anger_accuracy": 0.9235517568850902, "anger_precision": 0.5477707006369427, "anger_recall": 0.48863636363636365, "anger_f1": 0.5165165165165165, "disgust_accuracy": 0.9539411206077872, "disgust_precision": 0.38095238095238093, "disgust_recall": 0.4155844155844156, "disgust_f1": 0.3975155279503106, "fear_accuracy": 0.8998100664767331, "fear_precision": 0.6215277777777778, "fear_recall": 0.6370106761565836, "fear_f1": 0.6291739894551845, "joy_accuracy": 0.7877492877492878, "joy_precision": 0.7003367003367004, "joy_recall": 0.7761194029850746, "joy_f1": 0.7362831858407081, "sadness_accuracy": 0.8485280151946819, "sadness_precision": 0.571753986332574, "sadness_recall": 0.6570680628272252, "sadness_f1": 0.6114494518879415, "surprise_accuracy": 0.8409306742640076, "surprise_precision": 0.5570469798657718, "surprise_recall": 0.6450777202072538, "surprise_f1": 0.5978391356542616}