{"accuracy": 0.39411206077872746, "macro_precision": 0.4040768972048416, "macro_recall": 0.2998428926904592, "macro_f1": 0.3083392871610709, "micro_precision": 0.4742168674698795, "micro_recall": 0.4672364672364672, "micro_f1": 0.47070078928486003, "weighted_precision": 0.4613730426570561, "weighted_recall": 0.4672364672364672, "weighted_f1": 0.4170665763416557, "anger_accuracy": 0.9140550807217473, "anger_precision": 0.45454545454545453, "anger_recall": 0.14204545454545456, "anger_f1": 0.21645021645021648, "disgust_accuracy": 0.9634377967711301, "disgust_precision": 0.0, "disgust_recall": 0.0, "disgust_f1": 0.0, "fear_accuracy": 0.8774928774928775, "fear_precision": 0.5891472868217055, "fear_recall": 0.2704626334519573, "fear_f1": 0.37073170731707317, "joy_accuracy": 0.5726495726495726, "joy_precision": 0.4666666666666667, "joy_recall": 0.835820895522388, "joy_f1": 0.5989304812834225, "sadness_accuracy": 0.8143399810066477, "sadness_precision": 0.4855305466237942, "sadness_recall": 0.39528795811518325, "sadness_f1": 0.43578643578643583, "surprise_accuracy": 0.8072174738841406, "surprise_precision": 0.42857142857142855, "surprise_recall": 0.15544041450777202, "surprise_f1": 0.22813688212927757}