{"accuracy": 0.002079002079002079, "macro_precision": 0.4513611045441177, "macro_recall": 0.8618782390850088, "macro_f1": 0.5788129880896805, "micro_precision": 0.4786670819059483, "micro_recall": 0.9181600955794504, "micro_f1": 0.6292732855680655, "weighted_precision": 0.4776381817600176, "weighted_recall": 0.9181600955794504, "weighted_f1": 0.6201783021936534, "Anger_accuracy": 0.5945945945945946, "Anger_precision": 0.5945945945945946, "Anger_recall": 1.0, "Anger_f1": 0.7457627118644068, "Anticipation_accuracy": 0.5634095634095634, "Anticipation_precision": 0.5634095634095634, "Anticipation_recall": 1.0, "Anticipation_f1": 0.7207446808510638, "Disgust_accuracy": 0.4573804573804574, "Disgust_precision": 0.4551148225469729, "Disgust_recall": 1.0, "Disgust_f1": 0.6255380200860833, "Fear_accuracy": 0.4303534303534304, "Fear_precision": 0.37995337995337997, "Fear_recall": 0.9532163742690059, "Fear_f1": 0.5433333333333334, "Joy_accuracy": 0.501039501039501, "Joy_precision": 0.45012165450121655, "Joy_recall": 0.9296482412060302, "Joy_f1": 0.6065573770491804, "Sadness_accuracy": 0.5155925155925156, "Sadness_precision": 0.5155925155925156, "Sadness_recall": 1.0, "Sadness_f1": 0.6803840877914952, "Surprise_accuracy": 0.7234927234927235, "Surprise_precision": 0.2692307692307692, "Surprise_recall": 0.12844036697247707, "Surprise_f1": 0.1739130434782609, "Trust_accuracy": 0.4490644490644491, "Trust_precision": 0.38287153652392947, "Trust_recall": 0.8837209302325582, "Trust_f1": 0.5342706502636204}