{"accuracy": 0.10602910602910603, "macro_precision": 0.5784845656137357, "macro_recall": 0.7369076203086298, "macro_f1": 0.6073209710704768, "micro_precision": 0.5925925925925926, "micro_recall": 0.8028673835125448, "micro_f1": 0.6818873668188736, "weighted_precision": 0.5937768663930884, "weighted_recall": 0.8028673835125448, "weighted_f1": 0.6591133085561446, "Anger_accuracy": 0.7422037422037422, "Anger_precision": 0.7237569060773481, "Anger_recall": 0.916083916083916, "Anger_f1": 0.8086419753086419, "Anticipation_accuracy": 0.5634095634095634, "Anticipation_precision": 0.5634095634095634, "Anticipation_recall": 1.0, "Anticipation_f1": 0.7207446808510638, "Disgust_accuracy": 0.7276507276507277, "Disgust_precision": 0.6464646464646465, "Disgust_recall": 0.8807339449541285, "Disgust_f1": 0.7456310679611651, "Fear_accuracy": 0.5696465696465697, "Fear_precision": 0.4407894736842105, "Fear_recall": 0.783625730994152, "Fear_f1": 0.5642105263157895, "Joy_accuracy": 0.6881496881496881, "Joy_precision": 0.5945945945945946, "Joy_recall": 0.7738693467336684, "Joy_f1": 0.6724890829694322, "Sadness_accuracy": 0.6403326403326404, "Sadness_precision": 0.6033057851239669, "Sadness_recall": 0.8830645161290323, "Sadness_f1": 0.7168576104746318, "Surprise_accuracy": 0.7733887733887734, "Surprise_precision": 0.5, "Surprise_recall": 0.01834862385321101, "Surprise_f1": 0.035398230088495575, "Trust_accuracy": 0.6881496881496881, "Trust_precision": 0.5555555555555556, "Trust_recall": 0.6395348837209303, "Trust_f1": 0.5945945945945946}