{"accuracy": 0.0997920997920998, "macro_precision": 0.5800609423483089, "macro_recall": 0.8204381049922549, "macro_f1": 0.6760564187874838, "micro_precision": 0.5942691029900332, "micro_recall": 0.8548387096774194, "micro_f1": 0.7011268985791278, "weighted_precision": 0.598316662956971, "weighted_recall": 0.8548387096774194, "weighted_f1": 0.7011282176240811, "Anger_accuracy": 0.7588357588357588, "Anger_precision": 0.7348066298342542, "Anger_recall": 0.9300699300699301, "Anger_f1": 0.8209876543209876, "Anticipation_accuracy": 0.5966735966735967, "Anticipation_precision": 0.5881006864988558, "Anticipation_recall": 0.948339483394834, "Anticipation_f1": 0.7259887005649717, "Disgust_accuracy": 0.6943866943866944, "Disgust_precision": 0.6134185303514377, "Disgust_recall": 0.8807339449541285, "Disgust_f1": 0.7231638418079096, "Fear_accuracy": 0.5883575883575883, "Fear_precision": 0.4563106796116505, "Fear_recall": 0.8245614035087719, "Fear_f1": 0.5875, "Joy_accuracy": 0.7193347193347194, "Joy_precision": 0.6203007518796992, "Joy_recall": 0.8291457286432161, "Joy_f1": 0.7096774193548387, "Sadness_accuracy": 0.6507276507276507, "Sadness_precision": 0.606951871657754, "Sadness_recall": 0.9153225806451613, "Sadness_f1": 0.729903536977492, "Surprise_accuracy": 0.7567567567567568, "Surprise_precision": 0.4636363636363636, "Surprise_recall": 0.46788990825688076, "Surprise_f1": 0.4657534246575342, "Trust_accuracy": 0.6985446985446986, "Trust_precision": 0.5569620253164557, "Trust_recall": 0.7674418604651163, "Trust_f1": 0.645476772616137}