{"accuracy": 0.006237006237006237, "macro_precision": 0.46197526239849596, "macro_recall": 0.9326216877633011, "macro_f1": 0.6148010975968038, "micro_precision": 0.4741686460807601, "micro_recall": 0.9540023894862605, "micro_f1": 0.6334787782625942, "weighted_precision": 0.4869726232292941, "weighted_recall": 0.9540023894862605, "weighted_f1": 0.6418287648447695, "Anger_accuracy": 0.5987525987525988, "Anger_precision": 0.5970772442588727, "Anger_recall": 1.0, "Anger_f1": 0.7477124183006535, "Anticipation_accuracy": 0.5634095634095634, "Anticipation_precision": 0.5634095634095634, "Anticipation_recall": 1.0, "Anticipation_f1": 0.7207446808510638, "Disgust_accuracy": 0.5634095634095634, "Disgust_precision": 0.5102564102564102, "Disgust_recall": 0.9128440366972477, "Disgust_f1": 0.6546052631578947, "Fear_accuracy": 0.37422037422037424, "Fear_precision": 0.358695652173913, "Fear_recall": 0.9649122807017544, "Fear_f1": 0.5229793977812995, "Joy_accuracy": 0.46361746361746364, "Joy_precision": 0.43429844097995546, "Joy_recall": 0.9798994974874372, "Joy_f1": 0.6018518518518519, "Sadness_accuracy": 0.5155925155925156, "Sadness_precision": 0.5155925155925156, "Sadness_recall": 1.0, "Sadness_f1": 0.6803840877914952, "Surprise_accuracy": 0.553014553014553, "Surprise_precision": 0.29133858267716534, "Surprise_recall": 0.6788990825688074, "Surprise_f1": 0.4077134986225895, "Trust_accuracy": 0.525987525987526, "Trust_precision": 0.42513368983957217, "Trust_recall": 0.9244186046511628, "Trust_f1": 0.5824175824175823}