{"accuracy": 0.002079002079002079, "macro_precision": 0.43559095972328077, "macro_recall": 0.9959862385321101, "macro_f1": 0.5968148246815018, "micro_precision": 0.43547544409613376, "micro_recall": 0.9958183990442055, "micro_f1": 0.6059614685568885, "weighted_precision": 0.46577790549521014, "weighted_recall": 0.9958183990442055, "weighted_f1": 0.6271724007217458, "Anger_accuracy": 0.5945945945945946, "Anger_precision": 0.5945945945945946, "Anger_recall": 1.0, "Anger_f1": 0.7457627118644068, "Anticipation_accuracy": 0.5634095634095634, "Anticipation_precision": 0.5634095634095634, "Anticipation_recall": 1.0, "Anticipation_f1": 0.7207446808510638, "Disgust_accuracy": 0.4656964656964657, "Disgust_precision": 0.45770065075921906, "Disgust_recall": 0.9678899082568807, "Disgust_f1": 0.6215022091310751, "Fear_accuracy": 0.35550935550935553, "Fear_precision": 0.35550935550935553, "Fear_recall": 1.0, "Fear_f1": 0.5245398773006135, "Joy_accuracy": 0.41372141372141374, "Joy_precision": 0.41372141372141374, "Joy_recall": 1.0, "Joy_f1": 0.5852941176470589, "Sadness_accuracy": 0.5155925155925156, "Sadness_precision": 0.5155925155925156, "Sadness_recall": 1.0, "Sadness_f1": 0.6803840877914952, "Surprise_accuracy": 0.22661122661122662, "Surprise_precision": 0.22661122661122662, "Surprise_recall": 1.0, "Surprise_f1": 0.3694915254237289, "Trust_accuracy": 0.3575883575883576, "Trust_precision": 0.3575883575883576, "Trust_recall": 1.0, "Trust_f1": 0.5267993874425727}