{"accuracy": 0.002079002079002079, "macro_precision": 0.4249339483714484, "macro_recall": 0.8990825688073394, "macro_f1": 0.5716601224708244, "micro_precision": 0.4517231557960695, "micro_recall": 0.9474313022700119, "micro_f1": 0.611764705882353, "weighted_precision": 0.4599349918570349, "weighted_recall": 0.9474313022700119, "weighted_f1": 0.6142153600740073, "Anger_accuracy": 0.5945945945945946, "Anger_precision": 0.5945945945945946, "Anger_recall": 1.0, "Anger_f1": 0.7457627118644068, "Anticipation_accuracy": 0.5634095634095634, "Anticipation_precision": 0.5634095634095634, "Anticipation_recall": 1.0, "Anticipation_f1": 0.7207446808510638, "Disgust_accuracy": 0.45322245322245325, "Disgust_precision": 0.45322245322245325, "Disgust_recall": 1.0, "Disgust_f1": 0.6237482117310444, "Fear_accuracy": 0.35550935550935553, "Fear_precision": 0.35550935550935553, "Fear_recall": 1.0, "Fear_f1": 0.5245398773006135, "Joy_accuracy": 0.41372141372141374, "Joy_precision": 0.41372141372141374, "Joy_recall": 1.0, "Joy_f1": 0.5852941176470589, "Sadness_accuracy": 0.5155925155925156, "Sadness_precision": 0.5155925155925156, "Sadness_recall": 1.0, "Sadness_f1": 0.6803840877914952, "Surprise_accuracy": 0.5613305613305614, "Surprise_precision": 0.14583333333333334, "Surprise_recall": 0.1926605504587156, "Surprise_f1": 0.16600790513833996, "Trust_accuracy": 0.3575883575883576, "Trust_precision": 0.3575883575883576, "Trust_recall": 1.0, "Trust_f1": 0.5267993874425727}