{"accuracy": 0.02079002079002079, "macro_precision": 0.5061805715256742, "macro_recall": 0.8773771076660686, "macro_f1": 0.6375599805675318, "micro_precision": 0.514480408858603, "micro_recall": 0.9020310633213859, "micro_f1": 0.6552397483185072, "weighted_precision": 0.5261808673838868, "weighted_recall": 0.9020310633213859, "weighted_f1": 0.6609139247880399, "Anger_accuracy": 0.6008316008316008, "Anger_precision": 0.5987394957983193, "Anger_recall": 0.9965034965034965, "Anger_f1": 0.7480314960629921, "Anticipation_accuracy": 0.5592515592515592, "Anticipation_precision": 0.5615866388308977, "Anticipation_recall": 0.992619926199262, "Anticipation_f1": 0.7173333333333332, "Disgust_accuracy": 0.6486486486486487, "Disgust_precision": 0.5735735735735735, "Disgust_recall": 0.8761467889908257, "Disgust_f1": 0.6932849364791289, "Fear_accuracy": 0.3783783783783784, "Fear_precision": 0.36147186147186144, "Fear_recall": 0.9766081871345029, "Fear_f1": 0.5276461295418641, "Joy_accuracy": 0.6403326403326404, "Joy_precision": 0.5448275862068965, "Joy_recall": 0.7939698492462312, "Joy_f1": 0.6462167689161554, "Sadness_accuracy": 0.5696465696465697, "Sadness_precision": 0.5480093676814989, "Sadness_recall": 0.9435483870967742, "Sadness_f1": 0.6933333333333334, "Surprise_accuracy": 0.6424116424116424, "Surprise_precision": 0.34782608695652173, "Surprise_recall": 0.6605504587155964, "Surprise_f1": 0.45569620253164556, "Trust_accuracy": 0.656964656964657, "Trust_precision": 0.5134099616858238, "Trust_recall": 0.7790697674418605, "Trust_f1": 0.6189376443418015}