{"accuracy": 0.0, "macro_precision": 0.4439965045744738, "macro_recall": 0.8941589209369782, "macro_f1": 0.5867375864269829, "micro_precision": 0.4659561870929544, "micro_recall": 0.94026284348865, "micro_f1": 0.623119556611243, "weighted_precision": 0.4716054880346133, "weighted_recall": 0.94026284348865, "weighted_f1": 0.6230688801613951, "Anger_accuracy": 0.5945945945945946, "Anger_precision": 0.5945945945945946, "Anger_recall": 1.0, "Anger_f1": 0.7457627118644068, "Anticipation_accuracy": 0.5634095634095634, "Anticipation_precision": 0.5634095634095634, "Anticipation_recall": 1.0, "Anticipation_f1": 0.7207446808510638, "Disgust_accuracy": 0.46361746361746364, "Disgust_precision": 0.4579831932773109, "Disgust_recall": 1.0, "Disgust_f1": 0.6282420749279539, "Fear_accuracy": 0.36382536382536385, "Fear_precision": 0.3572938689217759, "Fear_recall": 0.9883040935672515, "Fear_f1": 0.5248447204968945, "Joy_accuracy": 0.41372141372141374, "Joy_precision": 0.41372141372141374, "Joy_recall": 1.0, "Joy_f1": 0.5852941176470589, "Sadness_accuracy": 0.5135135135135135, "Sadness_precision": 0.5146443514644351, "Sadness_recall": 0.9919354838709677, "Sadness_f1": 0.6776859504132231, "Surprise_accuracy": 0.656964656964657, "Surprise_precision": 0.2543859649122807, "Surprise_recall": 0.26605504587155965, "Surprise_f1": 0.2600896860986547, "Trust_accuracy": 0.47193347193347196, "Trust_precision": 0.39593908629441626, "Trust_recall": 0.9069767441860465, "Trust_f1": 0.5512367491166078}