{"accuracy": 0.010395010395010396, "macro_precision": 0.4912069062442591, "macro_recall": 0.8438305161946515, "macro_f1": 0.5909262216483242, "micro_precision": 0.49950347567030784, "micro_recall": 0.9014336917562724, "micro_f1": 0.642811501597444, "weighted_precision": 0.506139889195647, "weighted_recall": 0.9014336917562724, "weighted_f1": 0.6308683468883686, "Anger_accuracy": 0.5945945945945946, "Anger_precision": 0.5945945945945946, "Anger_recall": 1.0, "Anger_f1": 0.7457627118644068, "Anticipation_accuracy": 0.5634095634095634, "Anticipation_precision": 0.5634095634095634, "Anticipation_recall": 1.0, "Anticipation_f1": 0.7207446808510638, "Disgust_accuracy": 0.4885654885654886, "Disgust_precision": 0.4696969696969697, "Disgust_recall": 0.9954128440366973, "Disgust_f1": 0.638235294117647, "Fear_accuracy": 0.3596673596673597, "Fear_precision": 0.35639412997903563, "Fear_recall": 0.9941520467836257, "Fear_f1": 0.5246913580246914, "Joy_accuracy": 0.6257796257796258, "Joy_precision": 0.5326460481099656, "Joy_recall": 0.7788944723618091, "Joy_f1": 0.6326530612244898, "Sadness_accuracy": 0.5155925155925156, "Sadness_precision": 0.5155925155925156, "Sadness_recall": 1.0, "Sadness_f1": 0.6803840877914952, "Surprise_accuracy": 0.7650727650727651, "Surprise_precision": 0.42857142857142855, "Surprise_recall": 0.11009174311926606, "Surprise_f1": 0.1751824817518248, "Trust_accuracy": 0.6008316008316008, "Trust_precision": 0.46875, "Trust_recall": 0.872093023255814, "Trust_f1": 0.6097560975609756}