{"accuracy": 0.07276507276507277, "macro_precision": 0.5715296318456209, "macro_recall": 0.8103023112760448, "macro_f1": 0.6579909967867137, "micro_precision": 0.5757575757575758, "micro_recall": 0.8512544802867383, "micro_f1": 0.6869125090383226, "weighted_precision": 0.5840043667047952, "weighted_recall": 0.8512544802867383, "weighted_f1": 0.684921673417605, "Anger_accuracy": 0.7276507276507277, "Anger_precision": 0.7023498694516971, "Anger_recall": 0.9405594405594405, "Anger_f1": 0.804185351270553, "Anticipation_accuracy": 0.5758835758835759, "Anticipation_precision": 0.5742793791574279, "Anticipation_recall": 0.955719557195572, "Anticipation_f1": 0.7174515235457063, "Disgust_accuracy": 0.681912681912682, "Disgust_precision": 0.6045016077170418, "Disgust_recall": 0.8623853211009175, "Disgust_f1": 0.7107750472589793, "Fear_accuracy": 0.5197505197505198, "Fear_precision": 0.41847826086956524, "Fear_recall": 0.9005847953216374, "Fear_f1": 0.5714285714285714, "Joy_accuracy": 0.6798336798336798, "Joy_precision": 0.5842696629213483, "Joy_recall": 0.7839195979899497, "Joy_f1": 0.6695278969957081, "Sadness_accuracy": 0.6465696465696466, "Sadness_precision": 0.6015625, "Sadness_recall": 0.9314516129032258, "Sadness_f1": 0.7310126582278481, "Surprise_accuracy": 0.7879417879417879, "Surprise_precision": 0.5492957746478874, "Surprise_recall": 0.3577981651376147, "Surprise_f1": 0.4333333333333334, "Trust_accuracy": 0.6798336798336798, "Trust_precision": 0.5375, "Trust_recall": 0.75, "Trust_f1": 0.6262135922330095}