{"accuracy": 0.037422037422037424, "macro_precision": 0.5065272107949779, "macro_recall": 0.8202918757470126, "macro_f1": 0.606726350891967, "micro_precision": 0.525563103324991, "micro_recall": 0.8781362007168458, "micro_f1": 0.6575710131961529, "weighted_precision": 0.5301012944136249, "weighted_recall": 0.8781362007168458, "weighted_f1": 0.6487601277840865, "Anger_accuracy": 0.683991683991684, "Anger_precision": 0.6572769953051644, "Anger_recall": 0.9790209790209791, "Anger_f1": 0.7865168539325843, "Anticipation_accuracy": 0.5634095634095634, "Anticipation_precision": 0.5634095634095634, "Anticipation_recall": 1.0, "Anticipation_f1": 0.7207446808510638, "Disgust_accuracy": 0.6735966735966736, "Disgust_precision": 0.5944272445820433, "Disgust_recall": 0.8807339449541285, "Disgust_f1": 0.7097966728280961, "Fear_accuracy": 0.3596673596673597, "Fear_precision": 0.35578947368421054, "Fear_recall": 0.9883040935672515, "Fear_f1": 0.5232198142414861, "Joy_accuracy": 0.6112266112266113, "Joy_precision": 0.5186335403726708, "Joy_recall": 0.8391959798994975, "Joy_f1": 0.6410748560460653, "Sadness_accuracy": 0.5155925155925156, "Sadness_precision": 0.5155925155925156, "Sadness_recall": 1.0, "Sadness_f1": 0.6803840877914952, "Surprise_accuracy": 0.7442827442827443, "Surprise_precision": 0.325, "Surprise_recall": 0.11926605504587157, "Surprise_f1": 0.174496644295302, "Trust_accuracy": 0.6652806652806653, "Trust_precision": 0.5220883534136547, "Trust_recall": 0.7558139534883721, "Trust_f1": 0.6175771971496438}