{"accuracy": 0.006237006237006237, "macro_precision": 0.46971611601390023, "macro_recall": 0.8777352768246223, "macro_f1": 0.5855473157768087, "micro_precision": 0.4770361298224127, "micro_recall": 0.9307048984468339, "micro_f1": 0.6307692307692307, "weighted_precision": 0.48603331590440674, "weighted_recall": 0.9307048984468339, "weighted_f1": 0.6233316301952261, "Anger_accuracy": 0.5945945945945946, "Anger_precision": 0.5945945945945946, "Anger_recall": 1.0, "Anger_f1": 0.7457627118644068, "Anticipation_accuracy": 0.5634095634095634, "Anticipation_precision": 0.5634095634095634, "Anticipation_recall": 1.0, "Anticipation_f1": 0.7207446808510638, "Disgust_accuracy": 0.45322245322245325, "Disgust_precision": 0.45322245322245325, "Disgust_recall": 1.0, "Disgust_f1": 0.6237482117310444, "Fear_accuracy": 0.3783783783783784, "Fear_precision": 0.3626609442060086, "Fear_recall": 0.9883040935672515, "Fear_f1": 0.5306122448979592, "Joy_accuracy": 0.4490644490644491, "Joy_precision": 0.4266666666666667, "Joy_recall": 0.964824120603015, "Joy_f1": 0.5916795069337443, "Sadness_accuracy": 0.5155925155925156, "Sadness_precision": 0.5155925155925156, "Sadness_recall": 1.0, "Sadness_f1": 0.6803840877914952, "Surprise_accuracy": 0.762993762993763, "Surprise_precision": 0.4358974358974359, "Surprise_recall": 0.1559633027522936, "Surprise_f1": 0.22972972972972977, "Trust_accuracy": 0.49064449064449067, "Trust_precision": 0.40568475452196384, "Trust_recall": 0.9127906976744186, "Trust_f1": 0.5617173524150268}