{"accuracy": 0.014553014553014554, "macro_precision": 0.5030068717135834, "macro_recall": 0.887162455901658, "macro_f1": 0.6314708738206658, "micro_precision": 0.5093473269924566, "micro_recall": 0.9277180406212664, "micro_f1": 0.6576328604700402, "weighted_precision": 0.5159088526700394, "weighted_recall": 0.9277180406212664, "weighted_f1": 0.6567277180166234, "Anger_accuracy": 0.6340956340956341, "Anger_precision": 0.6195652173913043, "Anger_recall": 0.9965034965034965, "Anger_f1": 0.7640750670241285, "Anticipation_accuracy": 0.5634095634095634, "Anticipation_precision": 0.5634095634095634, "Anticipation_recall": 1.0, "Anticipation_f1": 0.7207446808510638, "Disgust_accuracy": 0.5634095634095634, "Disgust_precision": 0.5098522167487685, "Disgust_recall": 0.9495412844036697, "Disgust_f1": 0.6634615384615384, "Fear_accuracy": 0.4407484407484408, "Fear_precision": 0.38333333333333336, "Fear_recall": 0.9415204678362573, "Fear_f1": 0.5448392554991539, "Joy_accuracy": 0.5634095634095634, "Joy_precision": 0.4859335038363171, "Joy_recall": 0.9547738693467337, "Joy_f1": 0.6440677966101694, "Sadness_accuracy": 0.5280665280665281, "Sadness_precision": 0.5221052631578947, "Sadness_recall": 1.0, "Sadness_f1": 0.686030428769018, "Surprise_accuracy": 0.7692307692307693, "Surprise_precision": 0.48863636363636365, "Surprise_recall": 0.3944954128440367, "Surprise_f1": 0.43654822335025384, "Trust_accuracy": 0.5758835758835759, "Trust_precision": 0.45121951219512196, "Trust_recall": 0.8604651162790697, "Trust_f1": 0.592}