{"accuracy": 0.1101871101871102, "macro_precision": 0.6050325715608466, "macro_recall": 0.8351137923492783, "macro_f1": 0.7003121161976849, "micro_precision": 0.6212251941328731, "micro_recall": 0.8602150537634409, "micro_f1": 0.7214428857715431, "weighted_precision": 0.626666988867169, "weighted_recall": 0.8602150537634409, "weighted_f1": 0.7237554054490785, "Anger_accuracy": 0.7879417879417879, "Anger_precision": 0.7613636363636364, "Anger_recall": 0.9370629370629371, "Anger_f1": 0.84012539184953, "Anticipation_accuracy": 0.6673596673596673, "Anticipation_precision": 0.6472148541114059, "Anticipation_recall": 0.9003690036900369, "Anticipation_f1": 0.7530864197530864, "Disgust_accuracy": 0.7338877338877339, "Disgust_precision": 0.6541095890410958, "Disgust_recall": 0.8761467889908257, "Disgust_f1": 0.7490196078431373, "Fear_accuracy": 0.6195426195426196, "Fear_precision": 0.4794520547945205, "Fear_recall": 0.8187134502923976, "Fear_f1": 0.6047516198704104, "Joy_accuracy": 0.7255717255717256, "Joy_precision": 0.6264150943396226, "Joy_recall": 0.8341708542713567, "Joy_f1": 0.7155172413793104, "Sadness_accuracy": 0.6798336798336798, "Sadness_precision": 0.6284153005464481, "Sadness_recall": 0.9274193548387096, "Sadness_f1": 0.749185667752443, "Surprise_accuracy": 0.7463617463617463, "Surprise_precision": 0.45454545454545453, "Surprise_recall": 0.5963302752293578, "Surprise_f1": 0.5158730158730158, "Trust_accuracy": 0.7276507276507277, "Trust_precision": 0.5887445887445888, "Trust_recall": 0.7906976744186046, "Trust_f1": 0.6749379652605458}