{"accuracy": 0.14137214137214138, "macro_precision": 0.6118931397953326, "macro_recall": 0.8166214257927062, "macro_f1": 0.697933871063417, "micro_precision": 0.6299598751671868, "micro_recall": 0.8440860215053764, "micro_f1": 0.7214705131478172, "weighted_precision": 0.6332839636134067, "weighted_recall": 0.8440860215053764, "weighted_f1": 0.7222330346529278, "Anger_accuracy": 0.7817047817047817, "Anger_precision": 0.760806916426513, "Anger_recall": 0.9230769230769231, "Anger_f1": 0.8341232227488152, "Anticipation_accuracy": 0.6798336798336798, "Anticipation_precision": 0.6620498614958449, "Anticipation_recall": 0.8819188191881919, "Anticipation_f1": 0.7563291139240507, "Disgust_accuracy": 0.7276507276507277, "Disgust_precision": 0.6593406593406593, "Disgust_recall": 0.8256880733944955, "Disgust_f1": 0.7331975560081466, "Fear_accuracy": 0.6528066528066528, "Fear_precision": 0.5072992700729927, "Fear_recall": 0.8128654970760234, "Fear_f1": 0.6247191011235956, "Joy_accuracy": 0.7234927234927235, "Joy_precision": 0.625, "Joy_recall": 0.8291457286432161, "Joy_f1": 0.7127429805615552, "Sadness_accuracy": 0.6923076923076923, "Sadness_precision": 0.6396648044692738, "Sadness_recall": 0.9233870967741935, "Sadness_f1": 0.7557755775577558, "Surprise_accuracy": 0.7567567567567568, "Surprise_precision": 0.4672131147540984, "Surprise_recall": 0.5229357798165137, "Surprise_f1": 0.49350649350649356, "Trust_accuracy": 0.7172557172557172, "Trust_precision": 0.5737704918032787, "Trust_recall": 0.813953488372093, "Trust_f1": 0.673076923076923}